v -4.0 0.0 -4.0
v -3.041015625 0.0 -4.615234375
v -2.046875 0.0 -4.703125
v -1.029296875 0.0 -4.439453125
v 0.0 0.0 -4.0
v 1.029296875 0.0 -3.560546875
v 2.046875 0.0 -3.296875
v 3.041015625 0.0 -3.384765625
v 4.0 0.0 -4.0
v -4.615234375 0.0 -3.041015625
v -3.4519729614257812 0.107666015625 -3.4519729614257812
v -2.29681396484375 0.1845703125 -3.51068115234375
v -1.1470565795898438 0.230712890625 -3.3345565795898438
v 0.0 0.24609375 -3.041015625
v 1.1470565795898438 0.230712890625 -2.7474746704101562
v 2.29681396484375 0.1845703125 -2.57135009765625
v 3.4519729614257812 0.107666015625 -2.6300582885742188
v 4.615234375 0.0 -3.041015625
v -4.703125 0.0 -2.046875
v -3.51068115234375 0.1845703125 -2.29681396484375
v -2.33251953125 0.31640625 -2.33251953125
v -1.16387939453125 0.3955078125 -2.22540283203125
v 0.0 0.421875 -2.046875
v 1.16387939453125 0.3955078125 -1.86834716796875
v 2.33251953125 0.31640625 -1.76123046875
v 3.51068115234375 0.1845703125 -1.79693603515625
v 4.703125 0.0 -2.046875
v -4.439453125 0.0 -1.029296875
v -3.3345565795898438 0.230712890625 -1.1470565795898438
v -2.22540283203125 0.3955078125 -1.16387939453125
v -1.1134109497070312 0.494384765625 -1.1134109497070312
v 0.0 0.52734375 -1.029296875
v 1.1134109497070312 0.494384765625 -0.9451828002929688
v 2.22540283203125 0.3955078125 -0.89471435546875
v 3.3345565795898438 0.230712890625 -0.9115371704101562
v 4.439453125 0.0 -1.029296875
v -4.0 0.0 0.0
v -3.041015625 0.24609375 0.0
v -2.046875 0.421875 0.0
v -1.029296875 0.52734375 0.0
v 0.0 0.5625 0.0
v 1.029296875 0.52734375 0.0
v 2.046875 0.421875 0.0
v 3.041015625 0.24609375 0.0
v 4.0 0.0 0.0
v -3.560546875 0.0 1.029296875
v -2.7474746704101562 0.230712890625 1.1470565795898438
v -1.86834716796875 0.3955078125 1.16387939453125
v -0.9451828002929688 0.494384765625 1.1134109497070312
v 0.0 0.52734375 1.029296875
v 0.9451828002929688 0.494384765625 0.9451828002929688
v 1.86834716796875 0.3955078125 0.89471435546875
v 2.7474746704101562 0.230712890625 0.9115371704101562
v 3.560546875 0.0 1.029296875
v -3.296875 0.0 2.046875
v -2.57135009765625 0.1845703125 2.29681396484375
v -1.76123046875 0.31640625 2.33251953125
v -0.89471435546875 0.3955078125 2.22540283203125
v 0.0 0.421875 2.046875
v 0.89471435546875 0.3955078125 1.86834716796875
v 1.76123046875 0.31640625 1.76123046875
v 2.57135009765625 0.1845703125 1.79693603515625
v 3.296875 0.0 2.046875
v -3.384765625 0.0 3.041015625
v -2.6300582885742188 0.107666015625 3.4519729614257812
v -1.79693603515625 0.1845703125 3.51068115234375
v -0.9115371704101562 0.230712890625 3.3345565795898438
v 0.0 0.24609375 3.041015625
v 0.9115371704101562 0.230712890625 2.7474746704101562
v 1.79693603515625 0.1845703125 2.57135009765625
v 2.6300582885742188 0.107666015625 2.6300582885742188
v 3.384765625 0.0 3.041015625
v -4.0 0.0 4.0
v -3.041015625 0.0 4.615234375
v -2.046875 0.0 4.703125
v -1.029296875 0.0 4.439453125
v 0.0 0.0 4.0
v 1.029296875 0.0 3.560546875
v 2.046875 0.0 3.296875
v 3.041015625 0.0 3.384765625
v 4.0 0.0 4.0
v -4.0 1.5 -4.0
v -3.041015625 1.5 -4.615234375
v -2.046875 1.5 -4.703125
v -1.029296875 1.5 -4.439453125
v 0.0 1.5 -4.0
v 1.029296875 1.5 -3.560546875
v 2.046875 1.5 -3.296875
v 3.041015625 1.5 -3.384765625
v 4.0 1.5 -4.0
v -4.615234375 1.5 -3.041015625
v -3.4519729614257812 1.607666015625 -3.4519729614257812
v -2.29681396484375 1.6845703125 -3.51068115234375
v -1.1470565795898438 1.730712890625 -3.3345565795898438
v 0.0 1.74609375 -3.041015625
v 1.1470565795898438 1.730712890625 -2.7474746704101562
v 2.29681396484375 1.6845703125 -2.57135009765625
v 3.4519729614257812 1.607666015625 -2.6300582885742188
v 4.615234375 1.5 -3.041015625
v -4.703125 1.5 -2.046875
v -3.51068115234375 1.6845703125 -2.29681396484375
v -2.33251953125 1.81640625 -2.33251953125
v -1.16387939453125 1.8955078125 -2.22540283203125
v 0.0 1.921875 -2.046875
v 1.16387939453125 1.8955078125 -1.86834716796875
v 2.33251953125 1.81640625 -1.76123046875
v 3.51068115234375 1.6845703125 -1.79693603515625
v 4.703125 1.5 -2.046875
v -4.439453125 1.5 -1.029296875
v -3.3345565795898438 1.730712890625 -1.1470565795898438
v -2.22540283203125 1.8955078125 -1.16387939453125
v -1.1134109497070312 1.994384765625 -1.1134109497070312
v 0.0 2.02734375 -1.029296875
v 1.1134109497070312 1.994384765625 -0.9451828002929688
v 2.22540283203125 1.8955078125 -0.89471435546875
v 3.3345565795898438 1.730712890625 -0.9115371704101562
v 4.439453125 1.5 -1.029296875
v -4.0 1.5 0.0
v -3.041015625 1.74609375 0.0
v -2.046875 1.921875 0.0
v -1.029296875 2.02734375 0.0
v 0.0 2.0625 0.0
v 1.029296875 2.02734375 0.0
v 2.046875 1.921875 0.0
v 3.041015625 1.74609375 0.0
v 4.0 1.5 0.0
v -3.560546875 1.5 1.029296875
v -2.7474746704101562 1.730712890625 1.1470565795898438
v -1.86834716796875 1.8955078125 1.16387939453125
v -0.9451828002929688 1.994384765625 1.1134109497070312
v 0.0 2.02734375 1.029296875
v 0.9451828002929688 1.994384765625 0.9451828002929688
v 1.86834716796875 1.8955078125 0.89471435546875
v 2.7474746704101562 1.730712890625 0.9115371704101562
v 3.560546875 1.5 1.029296875
v -3.296875 1.5 2.046875
v -2.57135009765625 1.6845703125 2.29681396484375
v -1.76123046875 1.81640625 2.33251953125
v -0.89471435546875 1.8955078125 2.22540283203125
v 0.0 1.921875 2.046875
v 0.89471435546875 1.8955078125 1.86834716796875
v 1.76123046875 1.81640625 1.76123046875
v 2.57135009765625 1.6845703125 1.79693603515625
v 3.296875 1.5 2.046875
v -3.384765625 1.5 3.041015625
v -2.6300582885742188 1.607666015625 3.4519729614257812
v -1.79693603515625 1.6845703125 3.51068115234375
v -0.9115371704101562 1.730712890625 3.3345565795898438
v 0.0 1.74609375 3.041015625
v 0.9115371704101562 1.730712890625 2.7474746704101562
v 1.79693603515625 1.6845703125 2.57135009765625
v 2.6300582885742188 1.607666015625 2.6300582885742188
v 3.384765625 1.5 3.041015625
v -4.0 1.5 4.0
v -3.041015625 1.5 4.615234375
v -2.046875 1.5 4.703125
v -1.029296875 1.5 4.439453125
v 0.0 1.5 4.0
v 1.029296875 1.5 3.560546875
v 2.046875 1.5 3.296875
v 3.041015625 1.5 3.384765625
v 4.0 1.5 4.0
v -3.0 1.5 -3.0
v -2.1 1.5 -3.0
v -2.168508420739842 1.5 -2.6555849108714193
v -2.363603896932107 1.5 -2.363603896932107
v -2.6555849108714193 1.5 -2.168508420739842
v -3.0 1.5 -2.1
v -3.3444150891285807 1.5 -2.168508420739842
v -3.636396103067893 1.5 -2.363603896932107
v -3.831491579260158 1.5 -2.655584910871419
v -3.9 1.5 -3.0
v -3.8314915792601583 1.5 -3.3444150891285807
v -3.636396103067893 1.5 -3.636396103067893
v -3.3444150891285815 1.5 -3.831491579260158
v -3.0 1.5 -3.9
v -2.655584910871419 1.5 -3.831491579260158
v -2.3636038969321076 1.5 -3.636396103067893
v -2.168508420739842 1.5 -3.3444150891285815
v -3.0 1.7 -3.0
v -3.0 1.5 -3.0
v -2.1 1.7 -3.0
v -2.1 1.5 -3.0
v -2.168508420739842 1.7 -2.6555849108714193
v -2.168508420739842 1.5 -2.6555849108714193
v -2.363603896932107 1.7 -2.363603896932107
v -2.363603896932107 1.5 -2.363603896932107
v -2.6555849108714193 1.7 -2.168508420739842
v -2.6555849108714193 1.5 -2.168508420739842
v -3.0 1.7 -2.1
v -3.0 1.5 -2.1
v -3.3444150891285807 1.7 -2.168508420739842
v -3.3444150891285807 1.5 -2.168508420739842
v -3.636396103067893 1.7 -2.363603896932107
v -3.636396103067893 1.5 -2.363603896932107
v -3.831491579260158 1.7 -2.655584910871419
v -3.831491579260158 1.5 -2.655584910871419
v -3.9 1.7 -3.0
v -3.9 1.5 -3.0
v -3.8314915792601583 1.7 -3.3444150891285807
v -3.8314915792601583 1.5 -3.3444150891285807
v -3.636396103067893 1.7 -3.636396103067893
v -3.636396103067893 1.5 -3.636396103067893
v -3.3444150891285815 1.7 -3.831491579260158
v -3.3444150891285815 1.5 -3.831491579260158
v -3.0 1.7 -3.9
v -3.0 1.5 -3.9
v -2.655584910871419 1.7 -3.831491579260158
v -2.655584910871419 1.5 -3.831491579260158
v -2.3636038969321076 1.7 -3.636396103067893
v -2.3636038969321076 1.5 -3.636396103067893
v -2.168508420739842 1.7 -3.3444150891285815
v -2.168508420739842 1.5 -3.3444150891285815
v -2.3 1.9 -3.0
v -2.1 1.7 -3.0
v -2.3532843272420996 1.9 -2.7321215973444373
v -2.168508420739842 1.7 -2.6555849108714193
v -2.505025253169417 1.9 -2.505025253169417
v -2.363603896932107 1.7 -2.363603896932107
v -2.7321215973444373 1.9 -2.3532843272420996
v -2.6555849108714193 1.7 -2.168508420739842
v -3.0 1.9 -2.3
v -3.0 1.7 -2.1
v -3.2678784026555627 1.9 -2.3532843272420996
v -3.3444150891285807 1.7 -2.168508420739842
v -3.494974746830583 1.9 -2.505025253169417
v -3.636396103067893 1.7 -2.363603896932107
v -3.6467156727579004 1.9 -2.7321215973444373
v -3.831491579260158 1.7 -2.655584910871419
v -3.7 1.9 -3.0
v -3.9 1.7 -3.0
v -3.646715672757901 1.9 -3.2678784026555627
v -3.8314915792601583 1.7 -3.3444150891285807
v -3.494974746830583 1.9 -3.494974746830583
v -3.636396103067893 1.7 -3.636396103067893
v -3.267878402655563 1.9 -3.6467156727579004
v -3.3444150891285815 1.7 -3.831491579260158
v -3.0 1.9 -3.7
v -3.0 1.7 -3.9
v -2.732121597344437 1.9 -3.6467156727579004
v -2.655584910871419 1.7 -3.831491579260158
v -2.505025253169417 1.9 -3.494974746830583
v -2.3636038969321076 1.7 -3.636396103067893
v -2.3532843272420996 1.9 -3.267878402655563
v -2.168508420739842 1.7 -3.3444150891285815
v -3.0 2.05 -3.0
v -3.0 1.9 -3.0
v -2.3 2.05 -3.0
v -2.3 1.9 -3.0
v -2.3532843272420996 2.05 -2.7321215973444373
v -2.3532843272420996 1.9 -2.7321215973444373
v -2.505025253169417 2.05 -2.505025253169417
v -2.505025253169417 1.9 -2.505025253169417
v -2.7321215973444373 2.05 -2.3532843272420996
v -2.7321215973444373 1.9 -2.3532843272420996
v -3.0 2.05 -2.3
v -3.0 1.9 -2.3
v -3.2678784026555627 2.05 -2.3532843272420996
v -3.2678784026555627 1.9 -2.3532843272420996
v -3.494974746830583 2.05 -2.505025253169417
v -3.494974746830583 1.9 -2.505025253169417
v -3.6467156727579004 2.05 -2.7321215973444373
v -3.6467156727579004 1.9 -2.7321215973444373
v -3.7 2.05 -3.0
v -3.7 1.9 -3.0
v -3.646715672757901 2.05 -3.2678784026555627
v -3.646715672757901 1.9 -3.2678784026555627
v -3.494974746830583 2.05 -3.494974746830583
v -3.494974746830583 1.9 -3.494974746830583
v -3.267878402655563 2.05 -3.6467156727579004
v -3.267878402655563 1.9 -3.6467156727579004
v -3.0 2.05 -3.7
v -3.0 1.9 -3.7
v -2.732121597344437 2.05 -3.6467156727579004
v -2.732121597344437 1.9 -3.6467156727579004
v -2.505025253169417 2.05 -3.494974746830583
v -2.505025253169417 1.9 -3.494974746830583
v -2.3532843272420996 2.05 -3.267878402655563
v -2.3532843272420996 1.9 -3.267878402655563
v -2.45 3.4 -3.0
v -2.35 2.0 -3.0
v -2.4918662571187924 3.4 -2.7895241121992007
v -2.3994783038676637 2.0 -2.7512557689626918
v -2.6110912703473987 3.4 -2.6110912703473987
v -2.540380592228744 2.0 -2.540380592228744
v -2.7895241121992007 3.4 -2.4918662571187924
v -2.7512557689626918 2.0 -2.3994783038676637
v -3.0 3.4 -2.45
v -3.0 2.0 -2.35
v -3.2104758878007993 3.4 -2.4918662571187924
v -3.2487442310373082 2.0 -2.3994783038676637
v -3.3889087296526013 3.4 -2.6110912703473987
v -3.459619407771256 2.0 -2.540380592228744
v -3.5081337428812076 3.4 -2.7895241121992007
v -3.6005216961323363 2.0 -2.7512557689626918
v -3.55 3.4 -3.0
v -3.65 2.0 -3.0
v -3.508133742881208 3.4 -3.2104758878007993
v -3.6005216961323363 2.0 -3.2487442310373082
v -3.3889087296526013 3.4 -3.3889087296526013
v -3.459619407771256 2.0 -3.459619407771256
v -3.2104758878007997 3.4 -3.5081337428812076
v -3.2487442310373087 2.0 -3.6005216961323363
v -3.0 3.4 -3.55
v -3.0 2.0 -3.65
v -2.7895241121992003 3.4 -3.5081337428812076
v -2.7512557689626913 2.0 -3.6005216961323363
v -2.6110912703473987 3.4 -3.3889087296526013
v -2.540380592228744 2.0 -3.459619407771256
v -2.4918662571187924 3.4 -3.2104758878007997
v -2.3994783038676637 2.0 -3.2487442310373087
v -3.0 3.5300000000000002 -3.0
v -3.0 3.38 -3.0
v -2.32 3.5300000000000002 -3.0
v -2.32 3.38 -3.0
v -2.371761917892325 3.5300000000000002 -2.7397752659917387
v -2.371761917892325 3.38 -2.7397752659917387
v -2.5191673887931474 3.5300000000000002 -2.5191673887931474
v -2.5191673887931474 3.38 -2.5191673887931474
v -2.7397752659917387 3.5300000000000002 -2.371761917892325
v -2.7397752659917387 3.38 -2.371761917892325
v -3.0 3.5300000000000002 -2.32
v -3.0 3.38 -2.32
v -3.260224734008261 3.5300000000000002 -2.371761917892325
v -3.260224734008261 3.38 -2.371761917892325
v -3.480832611206852 3.5300000000000002 -2.5191673887931474
v -3.480832611206852 3.38 -2.5191673887931474
v -3.628238082107675 3.5300000000000002 -2.7397752659917387
v -3.628238082107675 3.38 -2.7397752659917387
v -3.68 3.5300000000000002 -3.0
v -3.68 3.38 -3.0
v -3.628238082107675 3.5300000000000002 -3.260224734008261
v -3.628238082107675 3.38 -3.260224734008261
v -3.4808326112068526 3.5300000000000002 -3.480832611206852
v -3.4808326112068526 3.38 -3.480832611206852
v -3.2602247340082613 3.5300000000000002 -3.628238082107675
v -3.2602247340082613 3.38 -3.628238082107675
v -3.0 3.5300000000000002 -3.68
v -3.0 3.38 -3.68
v -2.7397752659917387 3.5300000000000002 -3.628238082107675
v -2.7397752659917387 3.38 -3.628238082107675
v -2.519167388793148 3.5300000000000002 -3.4808326112068526
v -2.519167388793148 3.38 -3.4808326112068526
v -2.371761917892325 3.5300000000000002 -3.2602247340082613
v -2.371761917892325 3.38 -3.2602247340082613
v -3.0 3.91 -3.0
v -3.0 3.51 -3.0
v -2.35 3.91 -3.0
v -2.35 3.51 -3.0
v -2.3994783038676637 3.91 -2.7512557689626918
v -2.3994783038676637 3.51 -2.7512557689626918
v -2.540380592228744 3.91 -2.540380592228744
v -2.540380592228744 3.51 -2.540380592228744
v -2.7512557689626918 3.91 -2.3994783038676637
v -2.7512557689626918 3.51 -2.3994783038676637
v -3.0 3.91 -2.35
v -3.0 3.51 -2.35
v -3.2487442310373082 3.91 -2.3994783038676637
v -3.2487442310373082 3.51 -2.3994783038676637
v -3.459619407771256 3.91 -2.540380592228744
v -3.459619407771256 3.51 -2.540380592228744
v -3.6005216961323363 3.91 -2.7512557689626918
v -3.6005216961323363 3.51 -2.7512557689626918
v -3.65 3.91 -3.0
v -3.65 3.51 -3.0
v -3.6005216961323363 3.91 -3.2487442310373082
v -3.6005216961323363 3.51 -3.2487442310373082
v -3.459619407771256 3.91 -3.459619407771256
v -3.459619407771256 3.51 -3.459619407771256
v -3.2487442310373087 3.91 -3.6005216961323363
v -3.2487442310373087 3.51 -3.6005216961323363
v -3.0 3.91 -3.65
v -3.0 3.51 -3.65
v -2.7512557689626913 3.91 -3.6005216961323363
v -2.7512557689626913 3.51 -3.6005216961323363
v -2.540380592228744 3.91 -3.459619407771256
v -2.540380592228744 3.51 -3.459619407771256
v -2.3994783038676637 3.91 -3.2487442310373087
v -2.3994783038676637 3.51 -3.2487442310373087
v -2.625 3.89 -2.875
v -2.375 3.89 -2.875
v -2.375 4.09 -2.875
v -2.625 4.09 -2.875
v -2.625 3.89 -3.125
v -2.375 3.89 -3.125
v -2.375 4.09 -3.125
v -2.625 4.09 -3.125
v -3.625 3.89 -2.875
v -3.375 3.89 -2.875
v -3.375 4.09 -2.875
v -3.625 4.09 -2.875
v -3.625 3.89 -3.125
v -3.375 3.89 -3.125
v -3.375 4.09 -3.125
v -3.625 4.09 -3.125
v -3.125 3.89 -2.375
v -2.875 3.89 -2.375
v -2.875 4.09 -2.375
v -3.125 4.09 -2.375
v -3.125 3.89 -2.625
v -2.875 3.89 -2.625
v -2.875 4.09 -2.625
v -3.125 4.09 -2.625
v -3.125 3.89 -3.375
v -2.875 3.89 -3.375
v -2.875 4.09 -3.375
v -3.125 4.09 -3.375
v -3.125 3.89 -3.625
v -2.875 3.89 -3.625
v -2.875 4.09 -3.625
v -3.125 4.09 -3.625
v -2.0 1.5 3.0
v -1.1 1.5 3.0
v -1.168508420739842 1.5 3.3444150891285807
v -1.3636038969321072 1.5 3.636396103067893
v -1.6555849108714191 1.5 3.831491579260158
v -2.0 1.5 3.9
v -2.3444150891285807 1.5 3.831491579260158
v -2.636396103067893 1.5 3.636396103067893
v -2.831491579260158 1.5 3.344415089128581
v -2.9 1.5 3.0
v -2.8314915792601583 1.5 2.6555849108714193
v -2.636396103067893 1.5 2.363603896932107
v -2.3444150891285815 1.5 2.168508420739842
v -2.0 1.5 2.1
v -1.655584910871419 1.5 2.168508420739842
v -1.3636038969321074 1.5 2.363603896932107
v -1.1685084207398422 1.5 2.6555849108714185
v -2.0 1.7 3.0
v -2.0 1.5 3.0
v -1.1 1.7 3.0
v -1.1 1.5 3.0
v -1.168508420739842 1.7 3.3444150891285807
v -1.168508420739842 1.5 3.3444150891285807
v -1.3636038969321072 1.7 3.636396103067893
v -1.3636038969321072 1.5 3.636396103067893
v -1.6555849108714191 1.7 3.831491579260158
v -1.6555849108714191 1.5 3.831491579260158
v -2.0 1.7 3.9
v -2.0 1.5 3.9
v -2.3444150891285807 1.7 3.831491579260158
v -2.3444150891285807 1.5 3.831491579260158
v -2.636396103067893 1.7 3.636396103067893
v -2.636396103067893 1.5 3.636396103067893
v -2.831491579260158 1.7 3.344415089128581
v -2.831491579260158 1.5 3.344415089128581
v -2.9 1.7 3.0
v -2.9 1.5 3.0
v -2.8314915792601583 1.7 2.6555849108714193
v -2.8314915792601583 1.5 2.6555849108714193
v -2.636396103067893 1.7 2.363603896932107
v -2.636396103067893 1.5 2.363603896932107
v -2.3444150891285815 1.7 2.168508420739842
v -2.3444150891285815 1.5 2.168508420739842
v -2.0 1.7 2.1
v -2.0 1.5 2.1
v -1.655584910871419 1.7 2.168508420739842
v -1.655584910871419 1.5 2.168508420739842
v -1.3636038969321074 1.7 2.363603896932107
v -1.3636038969321074 1.5 2.363603896932107
v -1.1685084207398422 1.7 2.6555849108714185
v -1.1685084207398422 1.5 2.6555849108714185
v -1.3 1.95 3.0
v -1.1 1.65 3.0
v -1.3532843272420993 1.95 3.2678784026555627
v -1.168508420739842 1.65 3.3444150891285807
v -1.5050252531694168 1.95 3.494974746830583
v -1.3636038969321072 1.65 3.636396103067893
v -1.7321215973444373 1.95 3.6467156727579004
v -1.6555849108714191 1.65 3.831491579260158
v -2.0 1.95 3.7
v -2.0 1.65 3.9
v -2.2678784026555627 1.95 3.6467156727579004
v -2.3444150891285807 1.65 3.831491579260158
v -2.494974746830583 1.95 3.494974746830583
v -2.636396103067893 1.65 3.636396103067893
v -2.6467156727579004 1.95 3.2678784026555627
v -2.831491579260158 1.65 3.344415089128581
v -2.7 1.95 3.0
v -2.9 1.65 3.0
v -2.646715672757901 1.95 2.7321215973444373
v -2.8314915792601583 1.65 2.6555849108714193
v -2.494974746830583 1.95 2.505025253169417
v -2.636396103067893 1.65 2.363603896932107
v -2.267878402655563 1.95 2.3532843272420996
v -2.3444150891285815 1.65 2.168508420739842
v -2.0 1.95 2.3
v -2.0 1.65 2.1
v -1.732121597344437 1.95 2.3532843272420996
v -1.655584910871419 1.65 2.168508420739842
v -1.5050252531694168 1.95 2.505025253169417
v -1.3636038969321074 1.65 2.363603896932107
v -1.3532843272420996 1.95 2.732121597344437
v -1.1685084207398422 1.65 2.6555849108714185
v -2.0 2.1 3.0
v -2.0 1.9 3.0
v -1.3 2.1 3.0
v -1.3 1.9 3.0
v -1.3532843272420993 2.1 3.2678784026555627
v -1.3532843272420993 1.9 3.2678784026555627
v -1.5050252531694168 2.1 3.494974746830583
v -1.5050252531694168 1.9 3.494974746830583
v -1.7321215973444373 2.1 3.6467156727579004
v -1.7321215973444373 1.9 3.6467156727579004
v -2.0 2.1 3.7
v -2.0 1.9 3.7
v -2.2678784026555627 2.1 3.6467156727579004
v -2.2678784026555627 1.9 3.6467156727579004
v -2.494974746830583 2.1 3.494974746830583
v -2.494974746830583 1.9 3.494974746830583
v -2.6467156727579004 2.1 3.2678784026555627
v -2.6467156727579004 1.9 3.2678784026555627
v -2.7 2.1 3.0
v -2.7 1.9 3.0
v -2.646715672757901 2.1 2.7321215973444373
v -2.646715672757901 1.9 2.7321215973444373
v -2.494974746830583 2.1 2.505025253169417
v -2.494974746830583 1.9 2.505025253169417
v -2.267878402655563 2.1 2.3532843272420996
v -2.267878402655563 1.9 2.3532843272420996
v -2.0 2.1 2.3
v -2.0 1.9 2.3
v -1.732121597344437 2.1 2.3532843272420996
v -1.732121597344437 1.9 2.3532843272420996
v -1.5050252531694168 2.1 2.505025253169417
v -1.5050252531694168 1.9 2.505025253169417
v -1.3532843272420996 2.1 2.732121597344437
v -1.3532843272420996 1.9 2.732121597344437
v -1.7 3.4 3.0
v -1.4 2.0 3.0
v -1.722836140246614 3.4 3.114805029709527
v -1.4456722804932278 2.0 3.2296100594190538
v -1.7878679656440357 3.4 3.2121320343559643
v -1.5757359312880714 2.0 3.4242640687119286
v -1.8851949702904731 3.4 3.277163859753386
v -1.7703899405809462 2.0 3.554327719506772
v -2.0 3.4 3.3
v -2.0 2.0 3.6
v -2.114805029709527 3.4 3.277163859753386
v -2.2296100594190538 2.0 3.554327719506772
v -2.2121320343559643 3.4 3.2121320343559643
v -2.4242640687119286 2.0 3.4242640687119286
v -2.277163859753386 3.4 3.114805029709527
v -2.554327719506772 2.0 3.2296100594190538
v -2.3 3.4 3.0
v -2.6 2.0 3.0
v -2.277163859753386 3.4 2.885194970290473
v -2.554327719506772 2.0 2.7703899405809462
v -2.2121320343559643 3.4 2.7878679656440357
v -2.4242640687119286 2.0 2.5757359312880714
v -2.114805029709527 3.4 2.722836140246614
v -2.229610059419054 2.0 2.4456722804932283
v -2.0 3.4 2.7
v -2.0 2.0 2.4
v -1.8851949702904731 3.4 2.722836140246614
v -1.770389940580946 2.0 2.445672280493228
v -1.7878679656440357 3.4 2.7878679656440357
v -1.5757359312880717 2.0 2.5757359312880714
v -1.7228361402466141 3.4 2.885194970290473
v -1.4456722804932283 2.0 2.770389940580946
v -2.0 3.45 3.0
v -2.0 3.3499999999999996 3.0
v -1.6 3.45 3.0
v -1.6 3.3499999999999996 3.0
v -1.6304481869954852 3.45 3.153073372946036
v -1.6304481869954852 3.3499999999999996 3.153073372946036
v -1.7171572875253809 3.45 3.282842712474619
v -1.7171572875253809 3.3499999999999996 3.282842712474619
v -1.8469266270539642 3.45 3.369551813004515
v -1.8469266270539642 3.3499999999999996 3.369551813004515
v -2.0 3.45 3.4
v -2.0 3.3499999999999996 3.4
v -2.153073372946036 3.45 3.369551813004515
v -2.153073372946036 3.3499999999999996 3.369551813004515
v -2.282842712474619 3.45 3.282842712474619
v -2.282842712474619 3.3499999999999996 3.282842712474619
v -2.369551813004515 3.45 3.153073372946036
v -2.369551813004515 3.3499999999999996 3.153073372946036
v -2.4 3.45 3.0
v -2.4 3.3499999999999996 3.0
v -2.369551813004515 3.45 2.846926627053964
v -2.369551813004515 3.3499999999999996 2.846926627053964
v -2.282842712474619 3.45 2.717157287525381
v -2.282842712474619 3.3499999999999996 2.717157287525381
v -2.1530733729460363 3.45 2.630448186995485
v -2.1530733729460363 3.3499999999999996 2.630448186995485
v -2.0 3.45 2.6
v -2.0 3.3499999999999996 2.6
v -1.846926627053964 3.45 2.630448186995485
v -1.846926627053964 3.3499999999999996 2.630448186995485
v -1.717157287525381 3.45 2.717157287525381
v -1.717157287525381 3.3499999999999996 2.717157287525381
v -1.6304481869954854 3.45 2.8469266270539637
v -1.6304481869954854 3.3499999999999996 2.8469266270539637
v -2.0 4.1 3.0
v -2.0 4.1 3.0
v -2.0 4.1 3.0
v -2.0 4.1 3.0
v -2.0 4.1 3.0
v -2.0 4.1 3.0
v -2.0 4.1 3.0
v -2.0 4.1 3.0
v -2.0 4.1 3.0
v -2.0 4.1 3.0
v -2.0 4.1 3.0
v -2.0 4.1 3.0
v -2.0 4.1 3.0
v -2.0 4.1 3.0
v -2.0 4.1 3.0
v -2.0 4.1 3.0
v -1.8964723819589917 4.086370330515628 3.0
v -1.9043529526422662 4.086370330515628 3.039618304216515
v -1.9267949192431122 4.086370330515628 3.0732050807568876
v -1.960381695783485 4.086370330515628 3.0956470473577338
v -2.0 4.086370330515628 3.1035276180410083
v -2.039618304216515 4.086370330515628 3.0956470473577338
v -2.0732050807568876 4.086370330515628 3.0732050807568876
v -2.0956470473577338 4.086370330515628 3.039618304216515
v -2.1035276180410083 4.086370330515628 3.0
v -2.0956470473577338 4.086370330515628 2.960381695783485
v -2.0732050807568876 4.086370330515628 2.9267949192431124
v -2.039618304216515 4.086370330515628 2.9043529526422662
v -2.0 4.086370330515628 2.8964723819589917
v -1.960381695783485 4.086370330515628 2.9043529526422662
v -1.9267949192431122 4.086370330515628 2.9267949192431124
v -1.9043529526422662 4.086370330515628 2.960381695783485
v -1.8 4.0464101615137755 3.0
v -1.8152240934977426 4.0464101615137755 3.076536686473018
v -1.8585786437626906 4.0464101615137755 3.1414213562373097
v -1.923463313526982 4.0464101615137755 3.1847759065022574
v -2.0 4.0464101615137755 3.2
v -2.076536686473018 4.0464101615137755 3.1847759065022574
v -2.1414213562373097 4.0464101615137755 3.1414213562373097
v -2.1847759065022574 4.0464101615137755 3.076536686473018
v -2.2 4.0464101615137755 3.0
v -2.1847759065022574 4.0464101615137755 2.923463313526982
v -2.1414213562373097 4.0464101615137755 2.8585786437626903
v -2.076536686473018 4.0464101615137755 2.8152240934977426
v -2.0 4.0464101615137755 2.8
v -1.923463313526982 4.0464101615137755 2.8152240934977426
v -1.8585786437626906 4.0464101615137755 2.8585786437626903
v -1.8152240934977426 4.0464101615137755 2.923463313526982
v -1.7171572875253809 3.982842712474619 3.0
v -1.7386874070247247 3.982842712474619 3.1082392200292395
v -1.8 3.982842712474619 3.2
v -1.8917607799707605 3.982842712474619 3.2613125929752753
v -2.0 3.982842712474619 3.282842712474619
v -2.1082392200292395 3.982842712474619 3.2613125929752753
v -2.2 3.982842712474619 3.2
v -2.2613125929752753 3.982842712474619 3.1082392200292395
v -2.282842712474619 3.982842712474619 3.0
v -2.2613125929752753 3.982842712474619 2.8917607799707605
v -2.2 3.982842712474619 2.8
v -2.1082392200292395 3.982842712474619 2.7386874070247247
v -2.0 3.982842712474619 2.717157287525381
v -1.8917607799707605 3.982842712474619 2.7386874070247247
v -1.8 3.982842712474619 2.8
v -1.7386874070247247 3.982842712474619 2.8917607799707605
v -1.6535898384862247 3.9000000000000004 3.0
v -1.6799587419234938 3.9000000000000004 3.1325654296142367
v -1.7550510257216823 3.9000000000000004 3.244948974278318
v -1.8674345703857633 3.9000000000000004 3.320041258076506
v -2.0 3.9000000000000004 3.3464101615137753
v -2.1325654296142367 3.9000000000000004 3.320041258076506
v -2.244948974278318 3.9000000000000004 3.244948974278318
v -2.320041258076506 3.9000000000000004 3.1325654296142367
v -2.3464101615137753 3.9000000000000004 3.0
v -2.320041258076506 3.9000000000000004 2.8674345703857633
v -2.244948974278318 3.9000000000000004 2.755051025721682
v -2.132565429614237 3.9000000000000004 2.679958741923494
v -2.0 3.9000000000000004 2.6535898384862247
v -1.8674345703857633 3.9000000000000004 2.679958741923494
v -1.7550510257216823 3.9000000000000004 2.755051025721682
v -1.6799587419234938 3.9000000000000004 2.867434570385763
v -1.6136296694843726 3.8035276180410085 3.0
v -1.643040359666991 3.8035276180410085 3.1478575242457545
v -1.7267949192431122 3.8035276180410085 3.2732050807568878
v -1.8521424757542455 3.8035276180410085 3.356959640333009
v -2.0 3.8035276180410085 3.386370330515627
v -2.1478575242457545 3.8035276180410085 3.356959640333009
v -2.2732050807568878 3.8035276180410085 3.2732050807568878
v -2.356959640333009 3.8035276180410085 3.1478575242457545
v -2.386370330515627 3.8035276180410085 3.0
v -2.356959640333009 3.8035276180410085 2.8521424757542455
v -2.2732050807568878 3.8035276180410085 2.7267949192431122
v -2.1478575242457545 3.8035276180410085 2.643040359666991
v -2.0 3.8035276180410085 2.613629669484373
v -1.8521424757542455 3.8035276180410085 2.643040359666991
v -1.7267949192431122 3.8035276180410085 2.7267949192431122
v -1.643040359666991 3.8035276180410085 2.8521424757542455
v -1.6 3.7 3.0
v -1.6304481869954852 3.7 3.153073372946036
v -1.7171572875253809 3.7 3.282842712474619
v -1.8469266270539642 3.7 3.369551813004515
v -2.0 3.7 3.4
v -2.153073372946036 3.7 3.369551813004515
v -2.282842712474619 3.7 3.282842712474619
v -2.369551813004515 3.7 3.153073372946036
v -2.4 3.7 3.0
v -2.369551813004515 3.7 2.846926627053964
v -2.282842712474619 3.7 2.717157287525381
v -2.1530733729460363 3.7 2.630448186995485
v -2.0 3.7 2.6
v -1.846926627053964 3.7 2.630448186995485
v -1.717157287525381 3.7 2.717157287525381
v -1.6304481869954854 3.7 2.8469266270539637
v -1.6136296694843726 3.596472381958992 3.0
v -1.643040359666991 3.596472381958992 3.1478575242457545
v -1.7267949192431122 3.596472381958992 3.2732050807568878
v -1.8521424757542455 3.596472381958992 3.356959640333009
v -2.0 3.596472381958992 3.386370330515627
v -2.1478575242457545 3.596472381958992 3.356959640333009
v -2.2732050807568878 3.596472381958992 3.2732050807568878
v -2.356959640333009 3.596472381958992 3.1478575242457545
v -2.386370330515627 3.596472381958992 3.0
v -2.356959640333009 3.596472381958992 2.8521424757542455
v -2.2732050807568878 3.596472381958992 2.7267949192431122
v -2.1478575242457545 3.596472381958992 2.643040359666991
v -2.0 3.596472381958992 2.613629669484373
v -1.8521424757542455 3.596472381958992 2.643040359666991
v -1.7267949192431122 3.596472381958992 2.7267949192431122
v -1.643040359666991 3.596472381958992 2.8521424757542455
v -1.6535898384862244 3.5000000000000004 3.0
v -1.6799587419234938 3.5000000000000004 3.1325654296142367
v -1.755051025721682 3.5000000000000004 3.244948974278318
v -1.8674345703857633 3.5000000000000004 3.320041258076506
v -2.0 3.5000000000000004 3.3464101615137753
v -2.1325654296142367 3.5000000000000004 3.320041258076506
v -2.244948974278318 3.5000000000000004 3.244948974278318
v -2.320041258076506 3.5000000000000004 3.1325654296142367
v -2.3464101615137753 3.5000000000000004 3.0
v -2.320041258076506 3.5000000000000004 2.8674345703857633
v -2.244948974278318 3.5000000000000004 2.755051025721682
v -2.132565429614237 3.5000000000000004 2.679958741923494
v -2.0 3.5000000000000004 2.6535898384862247
v -1.867434570385763 3.5000000000000004 2.679958741923494
v -1.7550510257216823 3.5000000000000004 2.755051025721682
v -1.6799587419234938 3.5000000000000004 2.867434570385763
v -1.7171572875253809 3.4171572875253813 3.0
v -1.7386874070247247 3.4171572875253813 3.1082392200292395
v -1.8 3.4171572875253813 3.2
v -1.8917607799707605 3.4171572875253813 3.2613125929752753
v -2.0 3.4171572875253813 3.282842712474619
v -2.1082392200292395 3.4171572875253813 3.2613125929752753
v -2.2 3.4171572875253813 3.2
v -2.2613125929752753 3.4171572875253813 3.1082392200292395
v -2.282842712474619 3.4171572875253813 3.0
v -2.2613125929752753 3.4171572875253813 2.8917607799707605
v -2.2 3.4171572875253813 2.8
v -2.1082392200292395 3.4171572875253813 2.7386874070247247
v -2.0 3.4171572875253813 2.717157287525381
v -1.8917607799707605 3.4171572875253813 2.7386874070247247
v -1.8 3.4171572875253813 2.8
v -1.7386874070247247 3.4171572875253813 2.8917607799707605
v -1.8 3.353589838486225 3.0
v -1.8152240934977426 3.353589838486225 3.076536686473018
v -1.8585786437626906 3.353589838486225 3.1414213562373097
v -1.923463313526982 3.353589838486225 3.1847759065022574
v -2.0 3.353589838486225 3.2
v -2.076536686473018 3.353589838486225 3.1847759065022574
v -2.1414213562373097 3.353589838486225 3.1414213562373097
v -2.1847759065022574 3.353589838486225 3.076536686473018
v -2.2 3.353589838486225 3.0
v -2.1847759065022574 3.353589838486225 2.923463313526982
v -2.1414213562373097 3.353589838486225 2.8585786437626903
v -2.076536686473018 3.353589838486225 2.8152240934977426
v -2.0 3.353589838486225 2.8
v -1.923463313526982 3.353589838486225 2.8152240934977426
v -1.8585786437626906 3.353589838486225 2.8585786437626903
v -1.8152240934977426 3.353589838486225 2.923463313526982
v -1.8964723819589917 3.313629669484373 3.0
v -1.904352952642266 3.313629669484373 3.039618304216515
v -1.9267949192431122 3.313629669484373 3.073205080756888
v -1.960381695783485 3.313629669484373 3.0956470473577338
v -2.0 3.313629669484373 3.1035276180410083
v -2.039618304216515 3.313629669484373 3.0956470473577338
v -2.0732050807568876 3.313629669484373 3.073205080756888
v -2.0956470473577338 3.313629669484373 3.039618304216515
v -2.1035276180410083 3.313629669484373 3.0
v -2.0956470473577338 3.313629669484373 2.960381695783485
v -2.073205080756888 3.313629669484373 2.9267949192431124
v -2.039618304216515 3.313629669484373 2.9043529526422662
v -2.0 3.313629669484373 2.8964723819589917
v -1.960381695783485 3.313629669484373 2.9043529526422662
v -1.9267949192431122 3.313629669484373 2.926794919243112
v -1.9043529526422662 3.313629669484373 2.960381695783485
v -2.0 3.3000000000000003 3.0
v -2.0 3.3000000000000003 3.0
v -2.0 3.3000000000000003 3.0
v -2.0 3.3000000000000003 3.0
v -2.0 3.3000000000000003 3.0
v -2.0 3.3000000000000003 3.0
v -2.0 3.3000000000000003 3.0
v -2.0 3.3000000000000003 3.0
v -2.0 3.3000000000000003 3.0
v -2.0 3.3000000000000003 3.0
v -2.0 3.3000000000000003 3.0
v -2.0 3.3000000000000003 3.0
v -2.0 3.3000000000000003 3.0
v -2.0 3.3000000000000003 3.0
v -2.0 3.3000000000000003 3.0
v -2.0 3.3000000000000003 3.0
v 3.0 1.5 -2.0
v 3.9 1.5 -2.0
v 3.831491579260158 1.5 -1.6555849108714191
v 3.636396103067893 1.5 -1.3636038969321072
v 3.3444150891285807 1.5 -1.168508420739842
v 3.0 1.5 -1.1
v 2.6555849108714193 1.5 -1.168508420739842
v 2.363603896932107 1.5 -1.3636038969321072
v 2.168508420739842 1.5 -1.6555849108714191
v 2.1 1.5 -2.0
v 2.1685084207398417 1.5 -2.3444150891285807
v 2.363603896932107 1.5 -2.636396103067893
v 2.6555849108714185 1.5 -2.831491579260158
v 3.0 1.5 -2.9
v 3.344415089128581 1.5 -2.831491579260158
v 3.6363961030678924 1.5 -2.636396103067893
v 3.831491579260158 1.5 -2.3444150891285815
v 3.0 1.7 -2.0
v 3.0 1.5 -2.0
v 3.9 1.7 -2.0
v 3.9 1.5 -2.0
v 3.831491579260158 1.7 -1.6555849108714191
v 3.831491579260158 1.5 -1.6555849108714191
v 3.636396103067893 1.7 -1.3636038969321072
v 3.636396103067893 1.5 -1.3636038969321072
v 3.3444150891285807 1.7 -1.168508420739842
v 3.3444150891285807 1.5 -1.168508420739842
v 3.0 1.7 -1.1
v 3.0 1.5 -1.1
v 2.6555849108714193 1.7 -1.168508420739842
v 2.6555849108714193 1.5 -1.168508420739842
v 2.363603896932107 1.7 -1.3636038969321072
v 2.363603896932107 1.5 -1.3636038969321072
v 2.168508420739842 1.7 -1.6555849108714191
v 2.168508420739842 1.5 -1.6555849108714191
v 2.1 1.7 -2.0
v 2.1 1.5 -2.0
v 2.1685084207398417 1.7 -2.3444150891285807
v 2.1685084207398417 1.5 -2.3444150891285807
v 2.363603896932107 1.7 -2.636396103067893
v 2.363603896932107 1.5 -2.636396103067893
v 2.6555849108714185 1.7 -2.831491579260158
v 2.6555849108714185 1.5 -2.831491579260158
v 3.0 1.7 -2.9
v 3.0 1.5 -2.9
v 3.344415089128581 1.7 -2.831491579260158
v 3.344415089128581 1.5 -2.831491579260158
v 3.6363961030678924 1.7 -2.636396103067893
v 3.6363961030678924 1.5 -2.636396103067893
v 3.831491579260158 1.7 -2.3444150891285815
v 3.831491579260158 1.5 -2.3444150891285815
v 3.7 1.9 -2.0
v 3.9 1.7 -2.0
v 3.6467156727579004 1.9 -1.7321215973444373
v 3.831491579260158 1.7 -1.6555849108714191
v 3.494974746830583 1.9 -1.5050252531694168
v 3.636396103067893 1.7 -1.3636038969321072
v 3.2678784026555627 1.9 -1.3532843272420993
v 3.3444150891285807 1.7 -1.168508420739842
v 3.0 1.9 -1.3
v 3.0 1.7 -1.1
v 2.7321215973444373 1.9 -1.3532843272420993
v 2.6555849108714193 1.7 -1.168508420739842
v 2.505025253169417 1.9 -1.5050252531694168
v 2.363603896932107 1.7 -1.3636038969321072
v 2.3532843272420996 1.9 -1.732121597344437
v 2.168508420739842 1.7 -1.6555849108714191
v 2.3 1.9 -2.0
v 2.1 1.7 -2.0
v 2.353284327242099 1.9 -2.2678784026555627
v 2.1685084207398417 1.7 -2.3444150891285807
v 2.505025253169417 1.9 -2.494974746830583
v 2.363603896932107 1.7 -2.636396103067893
v 2.732121597344437 1.9 -2.6467156727579004
v 2.6555849108714185 1.7 -2.831491579260158
v 3.0 1.9 -2.7
v 3.0 1.7 -2.9
v 3.267878402655563 1.9 -2.6467156727579004
v 3.344415089128581 1.7 -2.831491579260158
v 3.494974746830583 1.9 -2.494974746830583
v 3.6363961030678924 1.7 -2.636396103067893
v 3.6467156727579004 1.9 -2.267878402655563
v 3.831491579260158 1.7 -2.3444150891285815
v 3.0 2.05 -2.0
v 3.0 1.9 -2.0
v 3.7 2.05 -2.0
v 3.7 1.9 -2.0
v 3.6467156727579004 2.05 -1.7321215973444373
v 3.6467156727579004 1.9 -1.7321215973444373
v 3.494974746830583 2.05 -1.5050252531694168
v 3.494974746830583 1.9 -1.5050252531694168
v 3.2678784026555627 2.05 -1.3532843272420993
v 3.2678784026555627 1.9 -1.3532843272420993
v 3.0 2.05 -1.3
v 3.0 1.9 -1.3
v 2.7321215973444373 2.05 -1.3532843272420993
v 2.7321215973444373 1.9 -1.3532843272420993
v 2.505025253169417 2.05 -1.5050252531694168
v 2.505025253169417 1.9 -1.5050252531694168
v 2.3532843272420996 2.05 -1.732121597344437
v 2.3532843272420996 1.9 -1.732121597344437
v 2.3 2.05 -2.0
v 2.3 1.9 -2.0
v 2.353284327242099 2.05 -2.2678784026555627
v 2.353284327242099 1.9 -2.2678784026555627
v 2.505025253169417 2.05 -2.494974746830583
v 2.505025253169417 1.9 -2.494974746830583
v 2.732121597344437 2.05 -2.6467156727579004
v 2.732121597344437 1.9 -2.6467156727579004
v 3.0 2.05 -2.7
v 3.0 1.9 -2.7
v 3.267878402655563 2.05 -2.6467156727579004
v 3.267878402655563 1.9 -2.6467156727579004
v 3.494974746830583 2.05 -2.494974746830583
v 3.494974746830583 1.9 -2.494974746830583
v 3.6467156727579004 2.05 -2.267878402655563
v 3.6467156727579004 1.9 -2.267878402655563
v 3.35 4.2 -2.0
v 3.65 2.0 -2.0
v 3.32335783637895 4.2 -1.8660607986722186
v 3.6005216961323363 2.0 -1.7512557689626918
v 3.2474873734152916 4.2 -1.7525126265847084
v 3.459619407771256 2.0 -1.5403805922287441
v 3.1339392013277814 4.2 -1.6766421636210498
v 3.2487442310373082 2.0 -1.3994783038676637
v 3.0 4.2 -1.65
v 3.0 2.0 -1.35
v 2.8660607986722186 4.2 -1.6766421636210498
v 2.7512557689626918 2.0 -1.3994783038676637
v 2.7525126265847084 4.2 -1.7525126265847084
v 2.540380592228744 2.0 -1.5403805922287441
v 2.67664216362105 4.2 -1.8660607986722186
v 2.3994783038676637 2.0 -1.7512557689626915
v 2.65 4.2 -2.0
v 2.35 2.0 -2.0
v 2.67664216362105 4.2 -2.1339392013277814
v 2.3994783038676637 2.0 -2.2487442310373082
v 2.7525126265847084 4.2 -2.2474873734152916
v 2.540380592228744 2.0 -2.459619407771256
v 2.866060798672218 4.2 -2.32335783637895
v 2.7512557689626913 2.0 -2.6005216961323363
v 3.0 4.2 -2.35
v 3.0 2.0 -2.65
v 3.1339392013277814 4.2 -2.32335783637895
v 3.2487442310373087 2.0 -2.6005216961323363
v 3.2474873734152916 4.2 -2.2474873734152916
v 3.459619407771256 2.0 -2.459619407771256
v 3.32335783637895 4.2 -2.133939201327782
v 3.6005216961323363 2.0 -2.2487442310373087
v 3.0 4.33 -2.0
v 3.0 4.18 -2.0
v 3.45 4.33 -2.0
v 3.45 4.18 -2.0
v 3.415745789630079 4.33 -1.8277924554357097
v 3.415745789630079 4.18 -1.8277924554357097
v 3.3181980515339466 4.33 -1.6818019484660536
v 3.3181980515339466 4.18 -1.6818019484660536
v 3.1722075445642903 4.33 -1.584254210369921
v 3.1722075445642903 4.18 -1.584254210369921
v 3.0 4.33 -1.55
v 3.0 4.18 -1.55
v 2.8277924554357097 4.33 -1.584254210369921
v 2.8277924554357097 4.18 -1.584254210369921
v 2.681801948466054 4.33 -1.6818019484660536
v 2.681801948466054 4.18 -1.6818019484660536
v 2.584254210369921 4.33 -1.8277924554357095
v 2.584254210369921 4.18 -1.8277924554357095
v 2.55 4.33 -2.0
v 2.55 4.18 -2.0
v 2.584254210369921 4.33 -2.1722075445642903
v 2.584254210369921 4.18 -2.1722075445642903
v 2.6818019484660534 4.33 -2.318198051533946
v 2.6818019484660534 4.18 -2.318198051533946
v 2.8277924554357092 4.33 -2.415745789630079
v 2.8277924554357092 4.18 -2.415745789630079
v 3.0 4.33 -2.45
v 3.0 4.18 -2.45
v 3.1722075445642903 4.33 -2.415745789630079
v 3.1722075445642903 4.18 -2.415745789630079
v 3.318198051533946 4.33 -2.3181980515339466
v 3.318198051533946 4.18 -2.3181980515339466
v 3.415745789630079 4.33 -2.1722075445642908
v 3.415745789630079 4.18 -2.1722075445642908
v 3.6 4.8100000000000005 -2.0
v 3.35 4.3100000000000005 -2.0
v 3.554327719506772 4.8100000000000005 -1.7703899405809462
v 3.32335783637895 4.3100000000000005 -1.8660607986722186
v 3.4242640687119286 4.8100000000000005 -1.5757359312880714
v 3.2474873734152916 4.3100000000000005 -1.7525126265847084
v 3.2296100594190538 4.8100000000000005 -1.4456722804932278
v 3.1339392013277814 4.3100000000000005 -1.6766421636210498
v 3.0 4.8100000000000005 -1.4
v 3.0 4.3100000000000005 -1.65
v 2.7703899405809462 4.8100000000000005 -1.4456722804932278
v 2.8660607986722186 4.3100000000000005 -1.6766421636210498
v 2.5757359312880714 4.8100000000000005 -1.5757359312880714
v 2.7525126265847084 4.3100000000000005 -1.7525126265847084
v 2.445672280493228 4.8100000000000005 -1.770389940580946
v 2.67664216362105 4.3100000000000005 -1.8660607986722186
v 2.4 4.8100000000000005 -2.0
v 2.65 4.3100000000000005 -2.0
v 2.445672280493228 4.8100000000000005 -2.2296100594190538
v 2.67664216362105 4.3100000000000005 -2.1339392013277814
v 2.5757359312880714 4.8100000000000005 -2.4242640687119286
v 2.7525126265847084 4.3100000000000005 -2.2474873734152916
v 2.770389940580946 4.8100000000000005 -2.5543277195067717
v 2.866060798672218 4.3100000000000005 -2.32335783637895
v 3.0 4.8100000000000005 -2.6
v 3.0 4.3100000000000005 -2.35
v 3.2296100594190538 4.8100000000000005 -2.554327719506772
v 3.1339392013277814 4.3100000000000005 -2.32335783637895
v 3.4242640687119286 4.8100000000000005 -2.4242640687119286
v 3.2474873734152916 4.3100000000000005 -2.2474873734152916
v 3.5543277195067717 4.8100000000000005 -2.229610059419054
v 3.32335783637895 4.3100000000000005 -2.133939201327782
v 3.0 4.835 -2.0
v 3.0 4.785 -2.0
v 3.6 4.835 -2.0
v 3.6 4.785 -2.0
v 3.554327719506772 4.835 -1.7703899405809462
v 3.554327719506772 4.785 -1.7703899405809462
v 3.4242640687119286 4.835 -1.5757359312880714
v 3.4242640687119286 4.785 -1.5757359312880714
v 3.2296100594190538 4.835 -1.4456722804932278
v 3.2296100594190538 4.785 -1.4456722804932278
v 3.0 4.835 -1.4
v 3.0 4.785 -1.4
v 2.7703899405809462 4.835 -1.4456722804932278
v 2.7703899405809462 4.785 -1.4456722804932278
v 2.5757359312880714 4.835 -1.5757359312880714
v 2.5757359312880714 4.785 -1.5757359312880714
v 2.445672280493228 4.835 -1.770389940580946
v 2.445672280493228 4.785 -1.770389940580946
v 2.4 4.835 -2.0
v 2.4 4.785 -2.0
v 2.445672280493228 4.835 -2.2296100594190538
v 2.445672280493228 4.785 -2.2296100594190538
v 2.5757359312880714 4.835 -2.4242640687119286
v 2.5757359312880714 4.785 -2.4242640687119286
v 2.770389940580946 4.835 -2.5543277195067717
v 2.770389940580946 4.785 -2.5543277195067717
v 3.0 4.835 -2.6
v 3.0 4.785 -2.6
v 3.2296100594190538 4.835 -2.554327719506772
v 3.2296100594190538 4.785 -2.554327719506772
v 3.4242640687119286 4.835 -2.4242640687119286
v 3.4242640687119286 4.785 -2.4242640687119286
v 3.5543277195067717 4.835 -2.229610059419054
v 3.5543277195067717 4.785 -2.229610059419054
v 3.0 5.07 -2.0
v 3.0 5.07 -2.0
v 3.0 5.07 -2.0
v 3.0 5.07 -2.0
v 3.0 5.07 -2.0
v 3.0 5.07 -2.0
v 3.0 5.07 -2.0
v 3.0 5.07 -2.0
v 3.0 5.07 -2.0
v 3.0 5.07 -2.0
v 3.0 5.07 -2.0
v 3.0 5.07 -2.0
v 3.0 5.07 -2.0
v 3.0 5.07 -2.0
v 3.0 5.07 -2.0
v 3.0 5.07 -2.0
v 3.0574025148547634 5.058581929876693 -2.0
v 3.053033008588991 5.058581929876693 -1.978033008588991
v 3.0405897075109647 5.058581929876693 -1.9594102924890353
v 3.0219669914110088 5.058581929876693 -1.946966991411009
v 3.0 5.058581929876693 -1.9425974851452366
v 2.9780330085889912 5.058581929876693 -1.946966991411009
v 2.9594102924890353 5.058581929876693 -1.9594102924890353
v 2.946966991411009 5.058581929876693 -1.978033008588991
v 2.9425974851452366 5.058581929876693 -2.0
v 2.946966991411009 5.058581929876693 -2.0219669914110088
v 2.9594102924890353 5.058581929876693 -2.0405897075109647
v 2.9780330085889912 5.058581929876693 -2.053033008588991
v 3.0 5.058581929876693 -2.0574025148547634
v 3.0219669914110088 5.058581929876693 -2.053033008588991
v 3.0405897075109647 5.058581929876693 -2.0405897075109647
v 3.053033008588991 5.058581929876693 -2.0219669914110088
v 3.106066017177982 5.026066017177982 -2.0
v 3.097992222365728 5.026066017177982 -1.9594102924890353
v 3.075 5.026066017177982 -1.925
v 3.0405897075109647 5.026066017177982 -1.9020077776342719
v 3.0 5.026066017177982 -1.8939339828220179
v 2.9594102924890353 5.026066017177982 -1.9020077776342719
v 2.925 5.026066017177982 -1.925
v 2.902007777634272 5.026066017177982 -1.9594102924890353
v 2.893933982822018 5.026066017177982 -2.0
v 2.902007777634272 5.026066017177982 -2.0405897075109647
v 2.925 5.026066017177982 -2.075
v 2.9594102924890353 5.026066017177982 -2.097992222365728
v 3.0 5.026066017177982 -2.106066017177982
v 3.0405897075109647 5.026066017177982 -2.097992222365728
v 3.075 5.026066017177982 -2.075
v 3.097992222365728 5.026066017177982 -2.0405897075109647
v 3.138581929876693 4.977402514854763 -2.0
v 3.128033008588991 4.977402514854763 -1.946966991411009
v 3.097992222365728 4.977402514854763 -1.9020077776342719
v 3.053033008588991 4.977402514854763 -1.8719669914110089
v 3.0 4.977402514854763 -1.861418070123307
v 2.946966991411009 4.977402514854763 -1.8719669914110089
v 2.902007777634272 4.977402514854763 -1.9020077776342719
v 2.871966991411009 4.977402514854763 -1.9469669914110088
v 2.861418070123307 4.977402514854763 -2.0
v 2.871966991411009 4.977402514854763 -2.053033008588991
v 2.902007777634272 4.977402514854763 -2.097992222365728
v 2.946966991411009 4.977402514854763 -2.128033008588991
v 3.0 4.977402514854763 -2.138581929876693
v 3.053033008588991 4.977402514854763 -2.128033008588991
v 3.097992222365728 4.977402514854763 -2.097992222365728
v 3.128033008588991 4.977402514854763 -2.053033008588991
v 3.15 4.92 -2.0
v 3.138581929876693 4.92 -1.9425974851452366
v 3.106066017177982 4.92 -1.8939339828220179
v 3.0574025148547634 4.92 -1.861418070123307
v 3.0 4.92 -1.85
v 2.9425974851452366 4.92 -1.861418070123307
v 2.893933982822018 4.92 -1.8939339828220179
v 2.861418070123307 4.92 -1.9425974851452366
v 2.85 4.92 -2.0
v 2.861418070123307 4.92 -2.0574025148547634
v 2.8939339828220176 4.92 -2.106066017177982
v 2.9425974851452366 4.92 -2.138581929876693
v 3.0 4.92 -2.15
v 3.0574025148547634 4.92 -2.138581929876693
v 3.106066017177982 4.92 -2.1060660171779824
v 3.138581929876693 4.92 -2.0574025148547634
v 3.138581929876693 4.862597485145237 -2.0
v 3.128033008588991 4.862597485145237 -1.946966991411009
v 3.097992222365728 4.862597485145237 -1.9020077776342719
v 3.053033008588991 4.862597485145237 -1.8719669914110089
v 3.0 4.862597485145237 -1.861418070123307
v 2.946966991411009 4.862597485145237 -1.8719669914110089
v 2.902007777634272 4.862597485145237 -1.9020077776342719
v 2.871966991411009 4.862597485145237 -1.9469669914110088
v 2.861418070123307 4.862597485145237 -2.0
v 2.871966991411009 4.862597485145237 -2.053033008588991
v 2.902007777634272 4.862597485145237 -2.097992222365728
v 2.946966991411009 4.862597485145237 -2.128033008588991
v 3.0 4.862597485145237 -2.138581929876693
v 3.053033008588991 4.862597485145237 -2.128033008588991
v 3.097992222365728 4.862597485145237 -2.097992222365728
v 3.128033008588991 4.862597485145237 -2.053033008588991
v 3.106066017177982 4.813933982822018 -2.0
v 3.097992222365728 4.813933982822018 -1.9594102924890353
v 3.075 4.813933982822018 -1.925
v 3.0405897075109647 4.813933982822018 -1.9020077776342719
v 3.0 4.813933982822018 -1.8939339828220179
v 2.9594102924890353 4.813933982822018 -1.9020077776342719
v 2.925 4.813933982822018 -1.925
v 2.902007777634272 4.813933982822018 -1.9594102924890353
v 2.893933982822018 4.813933982822018 -2.0
v 2.902007777634272 4.813933982822018 -2.0405897075109647
v 2.925 4.813933982822018 -2.075
v 2.9594102924890353 4.813933982822018 -2.097992222365728
v 3.0 4.813933982822018 -2.106066017177982
v 3.0405897075109647 4.813933982822018 -2.097992222365728
v 3.075 4.813933982822018 -2.075
v 3.097992222365728 4.813933982822018 -2.0405897075109647
v 3.0574025148547634 4.781418070123307 -2.0
v 3.053033008588991 4.781418070123307 -1.978033008588991
v 3.0405897075109647 4.781418070123307 -1.9594102924890353
v 3.0219669914110088 4.781418070123307 -1.9469669914110088
v 3.0 4.781418070123307 -1.9425974851452366
v 2.9780330085889912 4.781418070123307 -1.9469669914110088
v 2.9594102924890353 4.781418070123307 -1.9594102924890353
v 2.946966991411009 4.781418070123307 -1.978033008588991
v 2.9425974851452366 4.781418070123307 -2.0
v 2.946966991411009 4.781418070123307 -2.0219669914110088
v 2.9594102924890353 4.781418070123307 -2.0405897075109647
v 2.9780330085889912 4.781418070123307 -2.053033008588991
v 3.0 4.781418070123307 -2.0574025148547634
v 3.0219669914110088 4.781418070123307 -2.053033008588991
v 3.0405897075109647 4.781418070123307 -2.0405897075109647
v 3.053033008588991 4.781418070123307 -2.0219669914110088
v 3.0 4.77 -2.0
v 3.0 4.77 -2.0
v 3.0 4.77 -2.0
v 3.0 4.77 -2.0
v 3.0 4.77 -2.0
v 3.0 4.77 -2.0
v 3.0 4.77 -2.0
v 3.0 4.77 -2.0
v 3.0 4.77 -2.0
v 3.0 4.77 -2.0
v 3.0 4.77 -2.0
v 3.0 4.77 -2.0
v 3.0 4.77 -2.0
v 3.0 4.77 -2.0
v 3.0 4.77 -2.0
v 3.0 4.77 -2.0
v 2.0 1.5 2.0
v 2.9 1.5 2.0
v 2.831491579260158 1.5 2.3444150891285807
v 2.636396103067893 1.5 2.636396103067893
v 2.3444150891285807 1.5 2.831491579260158
v 2.0 1.5 2.9
v 1.6555849108714193 1.5 2.831491579260158
v 1.3636038969321072 1.5 2.636396103067893
v 1.168508420739842 1.5 2.344415089128581
v 1.1 1.5 2.0
v 1.1685084207398417 1.5 1.6555849108714193
v 1.3636038969321072 1.5 1.3636038969321072
v 1.6555849108714187 1.5 1.1685084207398422
v 1.9999999999999998 1.5 1.1
v 2.344415089128581 1.5 1.1685084207398422
v 2.6363961030678924 1.5 1.3636038969321072
v 2.831491579260158 1.5 1.6555849108714187
v 2.0 1.7 2.0
v 2.0 1.5 2.0
v 2.9 1.7 2.0
v 2.9 1.5 2.0
v 2.831491579260158 1.7 2.3444150891285807
v 2.831491579260158 1.5 2.3444150891285807
v 2.636396103067893 1.7 2.636396103067893
v 2.636396103067893 1.5 2.636396103067893
v 2.3444150891285807 1.7 2.831491579260158
v 2.3444150891285807 1.5 2.831491579260158
v 2.0 1.7 2.9
v 2.0 1.5 2.9
v 1.6555849108714193 1.7 2.831491579260158
v 1.6555849108714193 1.5 2.831491579260158
v 1.3636038969321072 1.7 2.636396103067893
v 1.3636038969321072 1.5 2.636396103067893
v 1.168508420739842 1.7 2.344415089128581
v 1.168508420739842 1.5 2.344415089128581
v 1.1 1.7 2.0
v 1.1 1.5 2.0
v 1.1685084207398417 1.7 1.6555849108714193
v 1.1685084207398417 1.5 1.6555849108714193
v 1.3636038969321072 1.7 1.3636038969321072
v 1.3636038969321072 1.5 1.3636038969321072
v 1.6555849108714187 1.7 1.1685084207398422
v 1.6555849108714187 1.5 1.1685084207398422
v 1.9999999999999998 1.7 1.1
v 1.9999999999999998 1.5 1.1
v 2.344415089128581 1.7 1.1685084207398422
v 2.344415089128581 1.5 1.1685084207398422
v 2.6363961030678924 1.7 1.3636038969321072
v 2.6363961030678924 1.5 1.3636038969321072
v 2.831491579260158 1.7 1.6555849108714187
v 2.831491579260158 1.5 1.6555849108714187
v 2.7 1.9 2.0
v 2.9 1.7 2.0
v 2.6467156727579004 1.9 2.2678784026555627
v 2.831491579260158 1.7 2.3444150891285807
v 2.494974746830583 1.9 2.494974746830583
v 2.636396103067893 1.7 2.636396103067893
v 2.2678784026555627 1.9 2.6467156727579004
v 2.3444150891285807 1.7 2.831491579260158
v 2.0 1.9 2.7
v 2.0 1.7 2.9
v 1.7321215973444373 1.9 2.6467156727579004
v 1.6555849108714193 1.7 2.831491579260158
v 1.5050252531694168 1.9 2.494974746830583
v 1.3636038969321072 1.7 2.636396103067893
v 1.3532843272420993 1.9 2.2678784026555627
v 1.168508420739842 1.7 2.344415089128581
v 1.3 1.9 2.0
v 1.1 1.7 2.0
v 1.3532843272420991 1.9 1.7321215973444373
v 1.1685084207398417 1.7 1.6555849108714193
v 1.5050252531694166 1.9 1.5050252531694168
v 1.3636038969321072 1.7 1.3636038969321072
v 1.7321215973444368 1.9 1.3532843272420996
v 1.6555849108714187 1.7 1.1685084207398422
v 1.9999999999999998 1.9 1.3
v 1.9999999999999998 1.7 1.1
v 2.267878402655563 1.9 1.3532843272420993
v 2.344415089128581 1.7 1.1685084207398422
v 2.494974746830583 1.9 1.5050252531694166
v 2.6363961030678924 1.7 1.3636038969321072
v 2.6467156727579004 1.9 1.7321215973444368
v 2.831491579260158 1.7 1.6555849108714187
v 2.0 2.05 2.0
v 2.0 1.9 2.0
v 2.7 2.05 2.0
v 2.7 1.9 2.0
v 2.6467156727579004 2.05 2.2678784026555627
v 2.6467156727579004 1.9 2.2678784026555627
v 2.494974746830583 2.05 2.494974746830583
v 2.494974746830583 1.9 2.494974746830583
v 2.2678784026555627 2.05 2.6467156727579004
v 2.2678784026555627 1.9 2.6467156727579004
v 2.0 2.05 2.7
v 2.0 1.9 2.7
v 1.7321215973444373 2.05 2.6467156727579004
v 1.7321215973444373 1.9 2.6467156727579004
v 1.5050252531694168 2.05 2.494974746830583
v 1.5050252531694168 1.9 2.494974746830583
v 1.3532843272420993 2.05 2.2678784026555627
v 1.3532843272420993 1.9 2.2678784026555627
v 1.3 2.05 2.0
v 1.3 1.9 2.0
v 1.3532843272420991 2.05 1.7321215973444373
v 1.3532843272420991 1.9 1.7321215973444373
v 1.5050252531694166 2.05 1.5050252531694168
v 1.5050252531694166 1.9 1.5050252531694168
v 1.7321215973444368 2.05 1.3532843272420996
v 1.7321215973444368 1.9 1.3532843272420996
v 1.9999999999999998 2.05 1.3
v 1.9999999999999998 1.9 1.3
v 2.267878402655563 2.05 1.3532843272420993
v 2.267878402655563 1.9 1.3532843272420993
v 2.494974746830583 2.05 1.5050252531694166
v 2.494974746830583 1.9 1.5050252531694166
v 2.6467156727579004 2.05 1.7321215973444368
v 2.6467156727579004 1.9 1.7321215973444368
v 2.4 4.2 2.0
v 2.68 2.0 2.0
v 2.369551813004515 4.2 2.153073372946036
v 2.628238082107675 2.0 2.2602247340082613
v 2.282842712474619 4.2 2.282842712474619
v 2.4808326112068526 2.0 2.4808326112068526
v 2.153073372946036 4.2 2.369551813004515
v 2.2602247340082613 2.0 2.628238082107675
v 2.0 4.2 2.4
v 2.0 2.0 2.68
v 1.8469266270539642 4.2 2.369551813004515
v 1.739775265991739 2.0 2.628238082107675
v 1.717157287525381 4.2 2.282842712474619
v 1.5191673887931476 2.0 2.4808326112068526
v 1.6304481869954852 4.2 2.153073372946036
v 1.371761917892325 2.0 2.2602247340082613
v 1.6 4.2 2.0
v 1.3199999999999998 2.0 2.0
v 1.6304481869954852 4.2 1.8469266270539642
v 1.371761917892325 2.0 1.739775265991739
v 1.7171572875253809 4.2 1.717157287525381
v 1.5191673887931476 2.0 1.5191673887931476
v 1.846926627053964 4.2 1.6304481869954854
v 1.7397752659917385 2.0 1.371761917892325
v 2.0 4.2 1.6
v 1.9999999999999998 2.0 1.3199999999999998
v 2.153073372946036 4.2 1.6304481869954852
v 2.2602247340082613 2.0 1.371761917892325
v 2.282842712474619 4.2 1.7171572875253809
v 2.480832611206852 2.0 1.5191673887931476
v 2.369551813004515 4.2 1.8469266270539637
v 2.628238082107675 2.0 1.7397752659917385
v 2.0 4.33 2.0
v 2.0 4.18 2.0
v 2.52 4.33 2.0
v 2.52 4.18 2.0
v 2.480417356905869 4.33 2.1989953848298467
v 2.480417356905869 4.18 2.1989953848298467
v 2.3676955262170045 4.33 2.3676955262170045
v 2.3676955262170045 4.18 2.3676955262170045
v 2.1989953848298467 4.33 2.480417356905869
v 2.1989953848298467 4.18 2.480417356905869
v 2.0 4.33 2.52
v 2.0 4.18 2.52
v 1.8010046151701533 4.33 2.480417356905869
v 1.8010046151701533 4.18 2.480417356905869
v 1.6323044737829953 4.33 2.3676955262170045
v 1.6323044737829953 4.18 2.3676955262170045
v 1.5195826430941308 4.33 2.1989953848298467
v 1.5195826430941308 4.18 2.1989953848298467
v 1.48 4.33 2.0
v 1.48 4.18 2.0
v 1.5195826430941308 4.33 1.8010046151701533
v 1.5195826430941308 4.18 1.8010046151701533
v 1.6323044737829953 4.33 1.6323044737829953
v 1.6323044737829953 4.18 1.6323044737829953
v 1.801004615170153 4.33 1.519582643094131
v 1.801004615170153 4.18 1.519582643094131
v 2.0 4.33 1.48
v 2.0 4.18 1.48
v 2.1989953848298467 4.33 1.519582643094131
v 2.1989953848298467 4.18 1.519582643094131
v 2.3676955262170045 4.33 1.6323044737829953
v 2.3676955262170045 4.18 1.6323044737829953
v 2.480417356905869 4.33 1.8010046151701529
v 2.480417356905869 4.18 1.8010046151701529
v 2.55 4.91 2.0
v 2.4 4.3100000000000005 2.0
v 2.5081337428812076 4.91 2.2104758878007993
v 2.369551813004515 4.3100000000000005 2.153073372946036
v 2.3889087296526013 4.91 2.3889087296526013
v 2.282842712474619 4.3100000000000005 2.282842712474619
v 2.2104758878007993 4.91 2.5081337428812076
v 2.153073372946036 4.3100000000000005 2.369551813004515
v 2.0 4.91 2.55
v 2.0 4.3100000000000005 2.4
v 1.7895241121992007 4.91 2.5081337428812076
v 1.8469266270539642 4.3100000000000005 2.369551813004515
v 1.6110912703473987 4.91 2.3889087296526013
v 1.717157287525381 4.3100000000000005 2.282842712474619
v 1.4918662571187924 4.91 2.2104758878007993
v 1.6304481869954852 4.3100000000000005 2.153073372946036
v 1.45 4.91 2.0
v 1.6 4.3100000000000005 2.0
v 1.4918662571187922 4.91 1.7895241121992007
v 1.6304481869954852 4.3100000000000005 1.8469266270539642
v 1.6110912703473987 4.91 1.6110912703473987
v 1.7171572875253809 4.3100000000000005 1.717157287525381
v 1.7895241121992003 4.91 1.4918662571187924
v 1.846926627053964 4.3100000000000005 1.6304481869954854
v 2.0 4.91 1.45
v 2.0 4.3100000000000005 1.6
v 2.2104758878007997 4.91 1.4918662571187924
v 2.153073372946036 4.3100000000000005 1.6304481869954852
v 2.3889087296526013 4.91 1.6110912703473987
v 2.282842712474619 4.3100000000000005 1.7171572875253809
v 2.5081337428812076 4.91 1.7895241121992003
v 2.369551813004515 4.3100000000000005 1.8469266270539637
v 2.0 4.9350000000000005 2.0
v 2.0 4.885 2.0
v 2.55 4.9350000000000005 2.0
v 2.55 4.885 2.0
v 2.5081337428812076 4.9350000000000005 2.2104758878007993
v 2.5081337428812076 4.885 2.2104758878007993
v 2.3889087296526013 4.9350000000000005 2.3889087296526013
v 2.3889087296526013 4.885 2.3889087296526013
v 2.2104758878007993 4.9350000000000005 2.5081337428812076
v 2.2104758878007993 4.885 2.5081337428812076
v 2.0 4.9350000000000005 2.55
v 2.0 4.885 2.55
v 1.7895241121992007 4.9350000000000005 2.5081337428812076
v 1.7895241121992007 4.885 2.5081337428812076
v 1.6110912703473987 4.9350000000000005 2.3889087296526013
v 1.6110912703473987 4.885 2.3889087296526013
v 1.4918662571187924 4.9350000000000005 2.2104758878007993
v 1.4918662571187924 4.885 2.2104758878007993
v 1.45 4.9350000000000005 2.0
v 1.45 4.885 2.0
v 1.4918662571187922 4.9350000000000005 1.7895241121992007
v 1.4918662571187922 4.885 1.7895241121992007
v 1.6110912703473987 4.9350000000000005 1.6110912703473987
v 1.6110912703473987 4.885 1.6110912703473987
v 1.7895241121992003 4.9350000000000005 1.4918662571187924
v 1.7895241121992003 4.885 1.4918662571187924
v 2.0 4.9350000000000005 1.45
v 2.0 4.885 1.45
v 2.2104758878007997 4.9350000000000005 1.4918662571187924
v 2.2104758878007997 4.885 1.4918662571187924
v 2.3889087296526013 4.9350000000000005 1.6110912703473987
v 2.3889087296526013 4.885 1.6110912703473987
v 2.5081337428812076 4.9350000000000005 1.7895241121992003
v 2.5081337428812076 4.885 1.7895241121992003
v 1.94 4.875 2.06
v 2.06 4.875 2.06
v 2.06 5.325 2.06
v 1.94 5.325 2.06
v 1.94 4.875 1.94
v 2.06 4.875 1.94
v 2.06 5.325 1.94
v 1.94 5.325 1.94
v 1.8 5.12 2.06
v 2.2 5.12 2.06
v 2.2 5.24 2.06
v 1.8 5.24 2.06
v 1.8 5.12 1.94
v 2.2 5.12 1.94
v 2.2 5.24 1.94
v 1.8 5.24 1.94
v -0.5 1.8 -0.5
v -0.5 1.5 -0.5
v 0.4 1.8 -0.5
v 0.4 1.5 -0.5
v 0.33149157926015804 1.8 -0.15558491087141918
v 0.33149157926015804 1.5 -0.15558491087141918
v 0.13639610306789285 1.8 0.13639610306789285
v 0.13639610306789285 1.5 0.13639610306789285
v -0.15558491087141912 1.8 0.33149157926015804
v -0.15558491087141912 1.5 0.33149157926015804
v -0.49999999999999994 1.8 0.4
v -0.49999999999999994 1.5 0.4
v -0.8444150891285808 1.8 0.33149157926015804
v -0.8444150891285808 1.5 0.33149157926015804
v -1.1363961030678928 1.8 0.13639610306789285
v -1.1363961030678928 1.5 0.13639610306789285
v -1.331491579260158 1.8 -0.15558491087141907
v -1.331491579260158 1.5 -0.15558491087141907
v -1.4 1.8 -0.4999999999999999
v -1.4 1.5 -0.4999999999999999
v -1.3314915792601583 1.8 -0.8444150891285807
v -1.3314915792601583 1.5 -0.8444150891285807
v -1.1363961030678928 1.8 -1.1363961030678928
v -1.1363961030678928 1.5 -1.1363961030678928
v -0.8444150891285813 1.8 -1.3314915792601578
v -0.8444150891285813 1.5 -1.3314915792601578
v -0.5000000000000001 1.8 -1.4
v -0.5000000000000001 1.5 -1.4
v -0.155584910871419 1.8 -1.3314915792601578
v -0.155584910871419 1.5 -1.3314915792601578
v 0.13639610306789263 1.8 -1.1363961030678928
v 0.13639610306789263 1.5 -1.1363961030678928
v 0.33149157926015793 1.8 -0.8444150891285813
v 0.33149157926015793 1.5 -0.8444150891285813
v 0.30000000000000004 1.88 -0.5
v 0.09999999999999998 1.88 -0.5
v 0.30000000000000004 1.78 -0.5
v 0.09999999999999998 1.78 -0.5
v 0.23910362600902946 1.88 -0.19385325410792814
v 0.054327719506772065 1.88 -0.2703899405809461
v 0.23910362600902946 1.78 -0.19385325410792814
v 0.054327719506772065 1.78 -0.2703899405809461
v 0.06568542494923812 1.88 0.06568542494923812
v -0.07573593128807149 1.88 -0.07573593128807149
v 0.06568542494923812 1.78 0.06568542494923812
v -0.07573593128807149 1.78 -0.07573593128807149
v -0.19385325410792809 1.88 0.23910362600902946
v -0.2703899405809461 1.88 0.054327719506772065
v -0.19385325410792809 1.78 0.23910362600902946
v -0.2703899405809461 1.78 0.054327719506772065
v -0.49999999999999994 1.88 0.30000000000000004
v -0.49999999999999994 1.88 0.09999999999999998
v -0.49999999999999994 1.78 0.30000000000000004
v -0.49999999999999994 1.78 0.09999999999999998
v -0.8061467458920718 1.88 0.23910362600902946
v -0.7296100594190538 1.88 0.054327719506772065
v -0.8061467458920718 1.78 0.23910362600902946
v -0.7296100594190538 1.78 0.054327719506772065
v -1.065685424949238 1.88 0.06568542494923812
v -0.9242640687119285 1.88 -0.07573593128807149
v -1.065685424949238 1.78 0.06568542494923812
v -0.9242640687119285 1.78 -0.07573593128807149
v -1.2391036260090296 1.88 -0.19385325410792809
v -1.0543277195067722 1.88 -0.27038994058094606
v -1.2391036260090296 1.78 -0.19385325410792809
v -1.0543277195067722 1.78 -0.27038994058094606
v -1.3 1.88 -0.4999999999999999
v -1.1 1.88 -0.49999999999999994
v -1.3 1.78 -0.4999999999999999
v -1.1 1.78 -0.49999999999999994
v -1.2391036260090296 1.88 -0.8061467458920717
v -1.0543277195067722 1.88 -0.7296100594190538
v -1.2391036260090296 1.78 -0.8061467458920717
v -1.0543277195067722 1.78 -0.7296100594190538
v -1.0656854249492382 1.88 -1.065685424949238
v -0.9242640687119286 1.88 -0.9242640687119285
v -1.0656854249492382 1.78 -1.065685424949238
v -0.9242640687119286 1.78 -0.9242640687119285
v -0.8061467458920724 1.88 -1.2391036260090291
v -0.7296100594190542 1.88 -1.0543277195067717
v -0.8061467458920724 1.78 -1.2391036260090291
v -0.7296100594190542 1.78 -1.0543277195067717
v -0.5000000000000001 1.88 -1.3
v -0.5000000000000001 1.88 -1.1
v -0.5000000000000001 1.78 -1.3
v -0.5000000000000001 1.78 -1.1
v -0.19385325410792797 1.88 -1.2391036260090293
v -0.270389940580946 1.88 -1.054327719506772
v -0.19385325410792797 1.78 -1.2391036260090293
v -0.270389940580946 1.78 -1.054327719506772
v 0.0656854249492379 1.88 -1.0656854249492382
v -0.0757359312880716 1.88 -0.9242640687119286
v 0.0656854249492379 1.78 -1.0656854249492382
v -0.0757359312880716 1.78 -0.9242640687119286
v 0.23910362600902924 1.88 -0.8061467458920724
v 0.05432771950677184 1.88 -0.7296100594190542
v 0.23910362600902924 1.78 -0.8061467458920724
v 0.05432771950677184 1.78 -0.7296100594190542
v 0.0 1.88 -0.5
v -0.2 1.88 -0.5
v 0.0 1.78 -0.5
v -0.2 1.78 -0.5
v -0.03806023374435663 1.88 -0.3086582838174551
v -0.22283614024661397 1.88 -0.38519497029047306
v -0.03806023374435663 1.78 -0.3086582838174551
v -0.22283614024661397 1.78 -0.38519497029047306
v -0.1464466094067262 1.88 -0.1464466094067262
v -0.2878679656440357 1.88 -0.2878679656440357
v -0.1464466094067262 1.78 -0.1464466094067262
v -0.2878679656440357 1.78 -0.2878679656440357
v -0.3086582838174551 1.88 -0.03806023374435663
v -0.38519497029047306 1.88 -0.22283614024661397
v -0.3086582838174551 1.78 -0.03806023374435663
v -0.38519497029047306 1.78 -0.22283614024661397
v -0.49999999999999994 1.88 0.0
v -0.5 1.88 -0.2
v -0.49999999999999994 1.78 0.0
v -0.5 1.78 -0.2
v -0.6913417161825448 1.88 -0.03806023374435663
v -0.6148050297095269 1.88 -0.22283614024661397
v -0.6913417161825448 1.78 -0.03806023374435663
v -0.6148050297095269 1.78 -0.22283614024661397
v -0.8535533905932737 1.88 -0.1464466094067262
v -0.7121320343559643 1.88 -0.2878679656440357
v -0.8535533905932737 1.78 -0.1464466094067262
v -0.7121320343559643 1.78 -0.2878679656440357
v -0.9619397662556434 1.88 -0.3086582838174551
v -0.7771638597533861 1.88 -0.385194970290473
v -0.9619397662556434 1.78 -0.3086582838174551
v -0.7771638597533861 1.78 -0.385194970290473
v -1.0 1.88 -0.49999999999999994
v -0.8 1.88 -0.49999999999999994
v -1.0 1.78 -0.49999999999999994
v -0.8 1.78 -0.49999999999999994
v -0.9619397662556435 1.88 -0.6913417161825448
v -0.7771638597533861 1.88 -0.6148050297095269
v -0.9619397662556435 1.78 -0.6913417161825448
v -0.7771638597533861 1.78 -0.6148050297095269
v -0.8535533905932738 1.88 -0.8535533905932737
v -0.7121320343559643 1.88 -0.7121320343559643
v -0.8535533905932738 1.78 -0.8535533905932737
v -0.7121320343559643 1.78 -0.7121320343559643
v -0.6913417161825451 1.88 -0.9619397662556433
v -0.6148050297095271 1.88 -0.7771638597533859
v -0.6913417161825451 1.78 -0.9619397662556433
v -0.6148050297095271 1.78 -0.7771638597533859
v -0.5000000000000001 1.88 -1.0
v -0.5 1.88 -0.8
v -0.5000000000000001 1.78 -1.0
v -0.5 1.78 -0.8
v -0.30865828381745497 1.88 -0.9619397662556433
v -0.385194970290473 1.88 -0.777163859753386
v -0.30865828381745497 1.78 -0.9619397662556433
v -0.385194970290473 1.78 -0.777163859753386
v -0.14644660940672632 1.88 -0.8535533905932738
v -0.28786796564403583 1.88 -0.7121320343559643
v -0.14644660940672632 1.78 -0.8535533905932738
v -0.28786796564403583 1.78 -0.7121320343559643
v -0.03806023374435674 1.88 -0.6913417161825453
v -0.22283614024661408 1.88 -0.6148050297095271
v -0.03806023374435674 1.78 -0.6913417161825453
v -0.22283614024661408 1.78 -0.6148050297095271
v -0.5 1.88 -0.5
v -0.5 1.78 -0.5
v -0.3 1.88 -0.5
v -0.3 1.78 -0.5
v -0.3152240934977426 1.88 -0.423463313526982
v -0.3152240934977426 1.78 -0.423463313526982
v -0.35857864376269044 1.88 -0.35857864376269044
v -0.35857864376269044 1.78 -0.35857864376269044
v -0.423463313526982 1.88 -0.3152240934977426
v -0.423463313526982 1.78 -0.3152240934977426
v -0.5 1.88 -0.3
v -0.5 1.78 -0.3
v -0.5765366864730179 1.88 -0.3152240934977426
v -0.5765366864730179 1.78 -0.3152240934977426
v -0.6414213562373094 1.88 -0.35857864376269044
v -0.6414213562373094 1.78 -0.35857864376269044
v -0.6847759065022574 1.88 -0.423463313526982
v -0.6847759065022574 1.78 -0.423463313526982
v -0.7 1.88 -0.5
v -0.7 1.78 -0.5
v -0.6847759065022574 1.88 -0.5765366864730179
v -0.6847759065022574 1.78 -0.5765366864730179
v -0.6414213562373096 1.88 -0.6414213562373094
v -0.6414213562373096 1.78 -0.6414213562373094
v -0.576536686473018 1.88 -0.6847759065022573
v -0.576536686473018 1.78 -0.6847759065022573
v -0.5 1.88 -0.7
v -0.5 1.78 -0.7
v -0.42346331352698197 1.88 -0.6847759065022574
v -0.42346331352698197 1.78 -0.6847759065022574
v -0.35857864376269055 1.88 -0.6414213562373096
v -0.35857864376269055 1.78 -0.6414213562373096
v -0.3152240934977427 1.88 -0.5765366864730181
v -0.3152240934977427 1.78 -0.5765366864730181
f 1 11 10
f 1 2 11
f 82 91 92
f 82 92 83
f 2 12 11
f 2 3 12
f 83 92 93
f 83 93 84
f 3 13 12
f 3 4 13
f 84 93 94
f 84 94 85
f 4 14 13
f 4 5 14
f 85 94 95
f 85 95 86
f 5 15 14
f 5 6 15
f 86 95 96
f 86 96 87
f 6 16 15
f 6 7 16
f 87 96 97
f 87 97 88
f 7 17 16
f 7 8 17
f 88 97 98
f 88 98 89
f 8 18 17
f 8 9 18
f 89 98 99
f 89 99 90
f 10 20 19
f 10 11 20
f 91 100 101
f 91 101 92
f 11 21 20
f 11 12 21
f 92 101 102
f 92 102 93
f 12 22 21
f 12 13 22
f 93 102 103
f 93 103 94
f 13 23 22
f 13 14 23
f 94 103 104
f 94 104 95
f 14 24 23
f 14 15 24
f 95 104 105
f 95 105 96
f 15 25 24
f 15 16 25
f 96 105 106
f 96 106 97
f 16 26 25
f 16 17 26
f 97 106 107
f 97 107 98
f 17 27 26
f 17 18 27
f 98 107 108
f 98 108 99
f 19 29 28
f 19 20 29
f 100 109 110
f 100 110 101
f 20 30 29
f 20 21 30
f 101 110 111
f 101 111 102
f 21 31 30
f 21 22 31
f 102 111 112
f 102 112 103
f 22 32 31
f 22 23 32
f 103 112 113
f 103 113 104
f 23 33 32
f 23 24 33
f 104 113 114
f 104 114 105
f 24 34 33
f 24 25 34
f 105 114 115
f 105 115 106
f 25 35 34
f 25 26 35
f 106 115 116
f 106 116 107
f 26 36 35
f 26 27 36
f 107 116 117
f 107 117 108
f 28 38 37
f 28 29 38
f 109 118 119
f 109 119 110
f 29 39 38
f 29 30 39
f 110 119 120
f 110 120 111
f 30 40 39
f 30 31 40
f 111 120 121
f 111 121 112
f 31 41 40
f 31 32 41
f 112 121 122
f 112 122 113
f 32 42 41
f 32 33 42
f 113 122 123
f 113 123 114
f 33 43 42
f 33 34 43
f 114 123 124
f 114 124 115
f 34 44 43
f 34 35 44
f 115 124 125
f 115 125 116
f 35 45 44
f 35 36 45
f 116 125 126
f 116 126 117
f 37 47 46
f 37 38 47
f 118 127 128
f 118 128 119
f 38 48 47
f 38 39 48
f 119 128 129
f 119 129 120
f 39 49 48
f 39 40 49
f 120 129 130
f 120 130 121
f 40 50 49
f 40 41 50
f 121 130 131
f 121 131 122
f 41 51 50
f 41 42 51
f 122 131 132
f 122 132 123
f 42 52 51
f 42 43 52
f 123 132 133
f 123 133 124
f 43 53 52
f 43 44 53
f 124 133 134
f 124 134 125
f 44 54 53
f 44 45 54
f 125 134 135
f 125 135 126
f 46 56 55
f 46 47 56
f 127 136 137
f 127 137 128
f 47 57 56
f 47 48 57
f 128 137 138
f 128 138 129
f 48 58 57
f 48 49 58
f 129 138 139
f 129 139 130
f 49 59 58
f 49 50 59
f 130 139 140
f 130 140 131
f 50 60 59
f 50 51 60
f 131 140 141
f 131 141 132
f 51 61 60
f 51 52 61
f 132 141 142
f 132 142 133
f 52 62 61
f 52 53 62
f 133 142 143
f 133 143 134
f 53 63 62
f 53 54 63
f 134 143 144
f 134 144 135
f 55 65 64
f 55 56 65
f 136 145 146
f 136 146 137
f 56 66 65
f 56 57 66
f 137 146 147
f 137 147 138
f 57 67 66
f 57 58 67
f 138 147 148
f 138 148 139
f 58 68 67
f 58 59 68
f 139 148 149
f 139 149 140
f 59 69 68
f 59 60 69
f 140 149 150
f 140 150 141
f 60 70 69
f 60 61 70
f 141 150 151
f 141 151 142
f 61 71 70
f 61 62 71
f 142 151 152
f 142 152 143
f 62 72 71
f 62 63 72
f 143 152 153
f 143 153 144
f 64 74 73
f 64 65 74
f 145 154 155
f 145 155 146
f 65 75 74
f 65 66 75
f 146 155 156
f 146 156 147
f 66 76 75
f 66 67 76
f 147 156 157
f 147 157 148
f 67 77 76
f 67 68 77
f 148 157 158
f 148 158 149
f 68 78 77
f 68 69 78
f 149 158 159
f 149 159 150
f 69 79 78
f 69 70 79
f 150 159 160
f 150 160 151
f 70 80 79
f 70 71 80
f 151 160 161
f 151 161 152
f 71 81 80
f 71 72 81
f 152 161 162
f 152 162 153
f 1 82 83
f 1 83 2
f 73 74 155
f 73 155 154
f 2 83 84
f 2 84 3
f 74 75 156
f 74 156 155
f 3 84 85
f 3 85 4
f 75 76 157
f 75 157 156
f 4 85 86
f 4 86 5
f 76 77 158
f 76 158 157
f 5 86 87
f 5 87 6
f 77 78 159
f 77 159 158
f 6 87 88
f 6 88 7
f 78 79 160
f 78 160 159
f 7 88 89
f 7 89 8
f 79 80 161
f 79 161 160
f 8 89 90
f 8 90 9
f 80 81 162
f 80 162 161
f 1 10 91
f 1 91 82
f 9 90 99
f 9 99 18
f 10 19 100
f 10 100 91
f 18 99 108
f 18 108 27
f 19 28 109
f 19 109 100
f 27 108 117
f 27 117 36
f 28 37 118
f 28 118 109
f 36 117 126
f 36 126 45
f 37 46 127
f 37 127 118
f 45 126 135
f 45 135 54
f 46 55 136
f 46 136 127
f 54 135 144
f 54 144 63
f 55 64 145
f 55 145 136
f 63 144 153
f 63 153 72
f 64 73 154
f 64 154 145
f 72 153 162
f 72 162 81
f 163 164 165
f 163 165 166
f 163 166 167
f 163 167 168
f 163 168 169
f 163 169 170
f 163 170 171
f 163 171 172
f 163 172 173
f 163 173 174
f 163 174 175
f 163 175 176
f 163 176 177
f 163 177 178
f 163 178 179
f 163 179 164
f 180 182 184
f 181 185 183
f 182 183 184
f 184 183 185
f 180 184 186
f 181 187 185
f 184 185 186
f 186 185 187
f 180 186 188
f 181 189 187
f 186 187 188
f 188 187 189
f 180 188 190
f 181 191 189
f 188 189 190
f 190 189 191
f 180 190 192
f 181 193 191
f 190 191 192
f 192 191 193
f 180 192 194
f 181 195 193
f 192 193 194
f 194 193 195
f 180 194 196
f 181 197 195
f 194 195 196
f 196 195 197
f 180 196 198
f 181 199 197
f 196 197 198
f 198 197 199
f 180 198 200
f 181 201 199
f 198 199 200
f 200 199 201
f 180 200 202
f 181 203 201
f 200 201 202
f 202 201 203
f 180 202 204
f 181 205 203
f 202 203 204
f 204 203 205
f 180 204 206
f 181 207 205
f 204 205 206
f 206 205 207
f 180 206 208
f 181 209 207
f 206 207 208
f 208 207 209
f 180 208 210
f 181 211 209
f 208 209 210
f 210 209 211
f 180 210 212
f 181 213 211
f 210 211 212
f 212 211 213
f 180 212 182
f 181 183 213
f 212 213 182
f 182 213 183
f 214 215 216
f 216 215 217
f 216 217 218
f 218 217 219
f 218 219 220
f 220 219 221
f 220 221 222
f 222 221 223
f 222 223 224
f 224 223 225
f 224 225 226
f 226 225 227
f 226 227 228
f 228 227 229
f 228 229 230
f 230 229 231
f 230 231 232
f 232 231 233
f 232 233 234
f 234 233 235
f 234 235 236
f 236 235 237
f 236 237 238
f 238 237 239
f 238 239 240
f 240 239 241
f 240 241 242
f 242 241 243
f 242 243 244
f 244 243 245
f 244 245 214
f 214 245 215
f 246 248 250
f 247 251 249
f 248 249 250
f 250 249 251
f 246 250 252
f 247 253 251
f 250 251 252
f 252 251 253
f 246 252 254
f 247 255 253
f 252 253 254
f 254 253 255
f 246 254 256
f 247 257 255
f 254 255 256
f 256 255 257
f 246 256 258
f 247 259 257
f 256 257 258
f 258 257 259
f 246 258 260
f 247 261 259
f 258 259 260
f 260 259 261
f 246 260 262
f 247 263 261
f 260 261 262
f 262 261 263
f 246 262 264
f 247 265 263
f 262 263 264
f 264 263 265
f 246 264 266
f 247 267 265
f 264 265 266
f 266 265 267
f 246 266 268
f 247 269 267
f 266 267 268
f 268 267 269
f 246 268 270
f 247 271 269
f 268 269 270
f 270 269 271
f 246 270 272
f 247 273 271
f 270 271 272
f 272 271 273
f 246 272 274
f 247 275 273
f 272 273 274
f 274 273 275
f 246 274 276
f 247 277 275
f 274 275 276
f 276 275 277
f 246 276 278
f 247 279 277
f 276 277 278
f 278 277 279
f 246 278 248
f 247 249 279
f 278 279 248
f 248 279 249
f 280 281 282
f 282 281 283
f 282 283 284
f 284 283 285
f 284 285 286
f 286 285 287
f 286 287 288
f 288 287 289
f 288 289 290
f 290 289 291
f 290 291 292
f 292 291 293
f 292 293 294
f 294 293 295
f 294 295 296
f 296 295 297
f 296 297 298
f 298 297 299
f 298 299 300
f 300 299 301
f 300 301 302
f 302 301 303
f 302 303 304
f 304 303 305
f 304 305 306
f 306 305 307
f 306 307 308
f 308 307 309
f 308 309 310
f 310 309 311
f 310 311 280
f 280 311 281
f 312 314 316
f 313 317 315
f 314 315 316
f 316 315 317
f 312 316 318
f 313 319 317
f 316 317 318
f 318 317 319
f 312 318 320
f 313 321 319
f 318 319 320
f 320 319 321
f 312 320 322
f 313 323 321
f 320 321 322
f 322 321 323
f 312 322 324
f 313 325 323
f 322 323 324
f 324 323 325
f 312 324 326
f 313 327 325
f 324 325 326
f 326 325 327
f 312 326 328
f 313 329 327
f 326 327 328
f 328 327 329
f 312 328 330
f 313 331 329
f 328 329 330
f 330 329 331
f 312 330 332
f 313 333 331
f 330 331 332
f 332 331 333
f 312 332 334
f 313 335 333
f 332 333 334
f 334 333 335
f 312 334 336
f 313 337 335
f 334 335 336
f 336 335 337
f 312 336 338
f 313 339 337
f 336 337 338
f 338 337 339
f 312 338 340
f 313 341 339
f 338 339 340
f 340 339 341
f 312 340 342
f 313 343 341
f 340 341 342
f 342 341 343
f 312 342 344
f 313 345 343
f 342 343 344
f 344 343 345
f 312 344 314
f 313 315 345
f 344 345 314
f 314 345 315
f 346 348 350
f 347 351 349
f 348 349 350
f 350 349 351
f 346 350 352
f 347 353 351
f 350 351 352
f 352 351 353
f 346 352 354
f 347 355 353
f 352 353 354
f 354 353 355
f 346 354 356
f 347 357 355
f 354 355 356
f 356 355 357
f 346 356 358
f 347 359 357
f 356 357 358
f 358 357 359
f 346 358 360
f 347 361 359
f 358 359 360
f 360 359 361
f 346 360 362
f 347 363 361
f 360 361 362
f 362 361 363
f 346 362 364
f 347 365 363
f 362 363 364
f 364 363 365
f 346 364 366
f 347 367 365
f 364 365 366
f 366 365 367
f 346 366 368
f 347 369 367
f 366 367 368
f 368 367 369
f 346 368 370
f 347 371 369
f 368 369 370
f 370 369 371
f 346 370 372
f 347 373 371
f 370 371 372
f 372 371 373
f 346 372 374
f 347 375 373
f 372 373 374
f 374 373 375
f 346 374 376
f 347 377 375
f 374 375 376
f 376 375 377
f 346 376 378
f 347 379 377
f 376 377 378
f 378 377 379
f 346 378 348
f 347 349 379
f 378 379 348
f 348 379 349
f 380 381 382
f 380 382 383
f 385 384 387
f 385 387 386
f 384 380 383
f 384 383 387
f 381 385 386
f 381 386 382
f 383 382 386
f 383 386 387
f 384 385 381
f 384 381 380
f 388 389 390
f 388 390 391
f 393 392 395
f 393 395 394
f 392 388 391
f 392 391 395
f 389 393 394
f 389 394 390
f 391 390 394
f 391 394 395
f 392 393 389
f 392 389 388
f 396 397 398
f 396 398 399
f 401 400 403
f 401 403 402
f 400 396 399
f 400 399 403
f 397 401 402
f 397 402 398
f 399 398 402
f 399 402 403
f 400 401 397
f 400 397 396
f 404 405 406
f 404 406 407
f 409 408 411
f 409 411 410
f 408 404 407
f 408 407 411
f 405 409 410
f 405 410 406
f 407 406 410
f 407 410 411
f 408 409 405
f 408 405 404
f 412 413 414
f 412 414 415
f 412 415 416
f 412 416 417
f 412 417 418
f 412 418 419
f 412 419 420
f 412 420 421
f 412 421 422
f 412 422 423
f 412 423 424
f 412 424 425
f 412 425 426
f 412 426 427
f 412 427 428
f 412 428 413
f 429 431 433
f 430 434 432
f 431 432 433
f 433 432 434
f 429 433 435
f 430 436 434
f 433 434 435
f 435 434 436
f 429 435 437
f 430 438 436
f 435 436 437
f 437 436 438
f 429 437 439
f 430 440 438
f 437 438 439
f 439 438 440
f 429 439 441
f 430 442 440
f 439 440 441
f 441 440 442
f 429 441 443
f 430 444 442
f 441 442 443
f 443 442 444
f 429 443 445
f 430 446 444
f 443 444 445
f 445 444 446
f 429 445 447
f 430 448 446
f 445 446 447
f 447 446 448
f 429 447 449
f 430 450 448
f 447 448 449
f 449 448 450
f 429 449 451
f 430 452 450
f 449 450 451
f 451 450 452
f 429 451 453
f 430 454 452
f 451 452 453
f 453 452 454
f 429 453 455
f 430 456 454
f 453 454 455
f 455 454 456
f 429 455 457
f 430 458 456
f 455 456 457
f 457 456 458
f 429 457 459
f 430 460 458
f 457 458 459
f 459 458 460
f 429 459 461
f 430 462 460
f 459 460 461
f 461 460 462
f 429 461 431
f 430 432 462
f 461 462 431
f 431 462 432
f 463 464 465
f 465 464 466
f 465 466 467
f 467 466 468
f 467 468 469
f 469 468 470
f 469 470 471
f 471 470 472
f 471 472 473
f 473 472 474
f 473 474 475
f 475 474 476
f 475 476 477
f 477 476 478
f 477 478 479
f 479 478 480
f 479 480 481
f 481 480 482
f 481 482 483
f 483 482 484
f 483 484 485
f 485 484 486
f 485 486 487
f 487 486 488
f 487 488 489
f 489 488 490
f 489 490 491
f 491 490 492
f 491 492 493
f 493 492 494
f 493 494 463
f 463 494 464
f 495 497 499
f 496 500 498
f 497 498 499
f 499 498 500
f 495 499 501
f 496 502 500
f 499 500 501
f 501 500 502
f 495 501 503
f 496 504 502
f 501 502 503
f 503 502 504
f 495 503 505
f 496 506 504
f 503 504 505
f 505 504 506
f 495 505 507
f 496 508 506
f 505 506 507
f 507 506 508
f 495 507 509
f 496 510 508
f 507 508 509
f 509 508 510
f 495 509 511
f 496 512 510
f 509 510 511
f 511 510 512
f 495 511 513
f 496 514 512
f 511 512 513
f 513 512 514
f 495 513 515
f 496 516 514
f 513 514 515
f 515 514 516
f 495 515 517
f 496 518 516
f 515 516 517
f 517 516 518
f 495 517 519
f 496 520 518
f 517 518 519
f 519 518 520
f 495 519 521
f 496 522 520
f 519 520 521
f 521 520 522
f 495 521 523
f 496 524 522
f 521 522 523
f 523 522 524
f 495 523 525
f 496 526 524
f 523 524 525
f 525 524 526
f 495 525 527
f 496 528 526
f 525 526 527
f 527 526 528
f 495 527 497
f 496 498 528
f 527 528 497
f 497 528 498
f 529 530 531
f 531 530 532
f 531 532 533
f 533 532 534
f 533 534 535
f 535 534 536
f 535 536 537
f 537 536 538
f 537 538 539
f 539 538 540
f 539 540 541
f 541 540 542
f 541 542 543
f 543 542 544
f 543 544 545
f 545 544 546
f 545 546 547
f 547 546 548
f 547 548 549
f 549 548 550
f 549 550 551
f 551 550 552
f 551 552 553
f 553 552 554
f 553 554 555
f 555 554 556
f 555 556 557
f 557 556 558
f 557 558 559
f 559 558 560
f 559 560 529
f 529 560 530
f 561 563 565
f 562 566 564
f 563 564 565
f 565 564 566
f 561 565 567
f 562 568 566
f 565 566 567
f 567 566 568
f 561 567 569
f 562 570 568
f 567 568 569
f 569 568 570
f 561 569 571
f 562 572 570
f 569 570 571
f 571 570 572
f 561 571 573
f 562 574 572
f 571 572 573
f 573 572 574
f 561 573 575
f 562 576 574
f 573 574 575
f 575 574 576
f 561 575 577
f 562 578 576
f 575 576 577
f 577 576 578
f 561 577 579
f 562 580 578
f 577 578 579
f 579 578 580
f 561 579 581
f 562 582 580
f 579 580 581
f 581 580 582
f 561 581 583
f 562 584 582
f 581 582 583
f 583 582 584
f 561 583 585
f 562 586 584
f 583 584 585
f 585 584 586
f 561 585 587
f 562 588 586
f 585 586 587
f 587 586 588
f 561 587 589
f 562 590 588
f 587 588 589
f 589 588 590
f 561 589 591
f 562 592 590
f 589 590 591
f 591 590 592
f 561 591 593
f 562 594 592
f 591 592 593
f 593 592 594
f 561 593 563
f 562 564 594
f 593 594 563
f 563 594 564
f 595 611 596
f 596 611 612
f 596 612 597
f 597 612 613
f 597 613 598
f 598 613 614
f 598 614 599
f 599 614 615
f 599 615 600
f 600 615 616
f 600 616 601
f 601 616 617
f 601 617 602
f 602 617 618
f 602 618 603
f 603 618 619
f 603 619 604
f 604 619 620
f 604 620 605
f 605 620 621
f 605 621 606
f 606 621 622
f 606 622 607
f 607 622 623
f 607 623 608
f 608 623 624
f 608 624 609
f 609 624 625
f 609 625 610
f 610 625 626
f 610 626 595
f 595 626 611
f 611 627 612
f 612 627 628
f 612 628 613
f 613 628 629
f 613 629 614
f 614 629 630
f 614 630 615
f 615 630 631
f 615 631 616
f 616 631 632
f 616 632 617
f 617 632 633
f 617 633 618
f 618 633 634
f 618 634 619
f 619 634 635
f 619 635 620
f 620 635 636
f 620 636 621
f 621 636 637
f 621 637 622
f 622 637 638
f 622 638 623
f 623 638 639
f 623 639 624
f 624 639 640
f 624 640 625
f 625 640 641
f 625 641 626
f 626 641 642
f 626 642 611
f 611 642 627
f 627 643 628
f 628 643 644
f 628 644 629
f 629 644 645
f 629 645 630
f 630 645 646
f 630 646 631
f 631 646 647
f 631 647 632
f 632 647 648
f 632 648 633
f 633 648 649
f 633 649 634
f 634 649 650
f 634 650 635
f 635 650 651
f 635 651 636
f 636 651 652
f 636 652 637
f 637 652 653
f 637 653 638
f 638 653 654
f 638 654 639
f 639 654 655
f 639 655 640
f 640 655 656
f 640 656 641
f 641 656 657
f 641 657 642
f 642 657 658
f 642 658 627
f 627 658 643
f 643 659 644
f 644 659 660
f 644 660 645
f 645 660 661
f 645 661 646
f 646 661 662
f 646 662 647
f 647 662 663
f 647 663 648
f 648 663 664
f 648 664 649
f 649 664 665
f 649 665 650
f 650 665 666
f 650 666 651
f 651 666 667
f 651 667 652
f 652 667 668
f 652 668 653
f 653 668 669
f 653 669 654
f 654 669 670
f 654 670 655
f 655 670 671
f 655 671 656
f 656 671 672
f 656 672 657
f 657 672 673
f 657 673 658
f 658 673 674
f 658 674 643
f 643 674 659
f 659 675 660
f 660 675 676
f 660 676 661
f 661 676 677
f 661 677 662
f 662 677 678
f 662 678 663
f 663 678 679
f 663 679 664
f 664 679 680
f 664 680 665
f 665 680 681
f 665 681 666
f 666 681 682
f 666 682 667
f 667 682 683
f 667 683 668
f 668 683 684
f 668 684 669
f 669 684 685
f 669 685 670
f 670 685 686
f 670 686 671
f 671 686 687
f 671 687 672
f 672 687 688
f 672 688 673
f 673 688 689
f 673 689 674
f 674 689 690
f 674 690 659
f 659 690 675
f 675 691 676
f 676 691 692
f 676 692 677
f 677 692 693
f 677 693 678
f 678 693 694
f 678 694 679
f 679 694 695
f 679 695 680
f 680 695 696
f 680 696 681
f 681 696 697
f 681 697 682
f 682 697 698
f 682 698 683
f 683 698 699
f 683 699 684
f 684 699 700
f 684 700 685
f 685 700 701
f 685 701 686
f 686 701 702
f 686 702 687
f 687 702 703
f 687 703 688
f 688 703 704
f 688 704 689
f 689 704 705
f 689 705 690
f 690 705 706
f 690 706 675
f 675 706 691
f 691 707 692
f 692 707 708
f 692 708 693
f 693 708 709
f 693 709 694
f 694 709 710
f 694 710 695
f 695 710 711
f 695 711 696
f 696 711 712
f 696 712 697
f 697 712 713
f 697 713 698
f 698 713 714
f 698 714 699
f 699 714 715
f 699 715 700
f 700 715 716
f 700 716 701
f 701 716 717
f 701 717 702
f 702 717 718
f 702 718 703
f 703 718 719
f 703 719 704
f 704 719 720
f 704 720 705
f 705 720 721
f 705 721 706
f 706 721 722
f 706 722 691
f 691 722 707
f 707 723 708
f 708 723 724
f 708 724 709
f 709 724 725
f 709 725 710
f 710 725 726
f 710 726 711
f 711 726 727
f 711 727 712
f 712 727 728
f 712 728 713
f 713 728 729
f 713 729 714
f 714 729 730
f 714 730 715
f 715 730 731
f 715 731 716
f 716 731 732
f 716 732 717
f 717 732 733
f 717 733 718
f 718 733 734
f 718 734 719
f 719 734 735
f 719 735 720
f 720 735 736
f 720 736 721
f 721 736 737
f 721 737 722
f 722 737 738
f 722 738 707
f 707 738 723
f 723 739 724
f 724 739 740
f 724 740 725
f 725 740 741
f 725 741 726
f 726 741 742
f 726 742 727
f 727 742 743
f 727 743 728
f 728 743 744
f 728 744 729
f 729 744 745
f 729 745 730
f 730 745 746
f 730 746 731
f 731 746 747
f 731 747 732
f 732 747 748
f 732 748 733
f 733 748 749
f 733 749 734
f 734 749 750
f 734 750 735
f 735 750 751
f 735 751 736
f 736 751 752
f 736 752 737
f 737 752 753
f 737 753 738
f 738 753 754
f 738 754 723
f 723 754 739
f 739 755 740
f 740 755 756
f 740 756 741
f 741 756 757
f 741 757 742
f 742 757 758
f 742 758 743
f 743 758 759
f 743 759 744
f 744 759 760
f 744 760 745
f 745 760 761
f 745 761 746
f 746 761 762
f 746 762 747
f 747 762 763
f 747 763 748
f 748 763 764
f 748 764 749
f 749 764 765
f 749 765 750
f 750 765 766
f 750 766 751
f 751 766 767
f 751 767 752
f 752 767 768
f 752 768 753
f 753 768 769
f 753 769 754
f 754 769 770
f 754 770 739
f 739 770 755
f 755 771 756
f 756 771 772
f 756 772 757
f 757 772 773
f 757 773 758
f 758 773 774
f 758 774 759
f 759 774 775
f 759 775 760
f 760 775 776
f 760 776 761
f 761 776 777
f 761 777 762
f 762 777 778
f 762 778 763
f 763 778 779
f 763 779 764
f 764 779 780
f 764 780 765
f 765 780 781
f 765 781 766
f 766 781 782
f 766 782 767
f 767 782 783
f 767 783 768
f 768 783 784
f 768 784 769
f 769 784 785
f 769 785 770
f 770 785 786
f 770 786 755
f 755 786 771
f 771 787 772
f 772 787 788
f 772 788 773
f 773 788 789
f 773 789 774
f 774 789 790
f 774 790 775
f 775 790 791
f 775 791 776
f 776 791 792
f 776 792 777
f 777 792 793
f 777 793 778
f 778 793 794
f 778 794 779
f 779 794 795
f 779 795 780
f 780 795 796
f 780 796 781
f 781 796 797
f 781 797 782
f 782 797 798
f 782 798 783
f 783 798 799
f 783 799 784
f 784 799 800
f 784 800 785
f 785 800 801
f 785 801 786
f 786 801 802
f 786 802 771
f 771 802 787
f 803 804 805
f 803 805 806
f 803 806 807
f 803 807 808
f 803 808 809
f 803 809 810
f 803 810 811
f 803 811 812
f 803 812 813
f 803 813 814
f 803 814 815
f 803 815 816
f 803 816 817
f 803 817 818
f 803 818 819
f 803 819 804
f 820 822 824
f 821 825 823
f 822 823 824
f 824 823 825
f 820 824 826
f 821 827 825
f 824 825 826
f 826 825 827
f 820 826 828
f 821 829 827
f 826 827 828
f 828 827 829
f 820 828 830
f 821 831 829
f 828 829 830
f 830 829 831
f 820 830 832
f 821 833 831
f 830 831 832
f 832 831 833
f 820 832 834
f 821 835 833
f 832 833 834
f 834 833 835
f 820 834 836
f 821 837 835
f 834 835 836
f 836 835 837
f 820 836 838
f 821 839 837
f 836 837 838
f 838 837 839
f 820 838 840
f 821 841 839
f 838 839 840
f 840 839 841
f 820 840 842
f 821 843 841
f 840 841 842
f 842 841 843
f 820 842 844
f 821 845 843
f 842 843 844
f 844 843 845
f 820 844 846
f 821 847 845
f 844 845 846
f 846 845 847
f 820 846 848
f 821 849 847
f 846 847 848
f 848 847 849
f 820 848 850
f 821 851 849
f 848 849 850
f 850 849 851
f 820 850 852
f 821 853 851
f 850 851 852
f 852 851 853
f 820 852 822
f 821 823 853
f 852 853 822
f 822 853 823
f 854 855 856
f 856 855 857
f 856 857 858
f 858 857 859
f 858 859 860
f 860 859 861
f 860 861 862
f 862 861 863
f 862 863 864
f 864 863 865
f 864 865 866
f 866 865 867
f 866 867 868
f 868 867 869
f 868 869 870
f 870 869 871
f 870 871 872
f 872 871 873
f 872 873 874
f 874 873 875
f 874 875 876
f 876 875 877
f 876 877 878
f 878 877 879
f 878 879 880
f 880 879 881
f 880 881 882
f 882 881 883
f 882 883 884
f 884 883 885
f 884 885 854
f 854 885 855
f 886 888 890
f 887 891 889
f 888 889 890
f 890 889 891
f 886 890 892
f 887 893 891
f 890 891 892
f 892 891 893
f 886 892 894
f 887 895 893
f 892 893 894
f 894 893 895
f 886 894 896
f 887 897 895
f 894 895 896
f 896 895 897
f 886 896 898
f 887 899 897
f 896 897 898
f 898 897 899
f 886 898 900
f 887 901 899
f 898 899 900
f 900 899 901
f 886 900 902
f 887 903 901
f 900 901 902
f 902 901 903
f 886 902 904
f 887 905 903
f 902 903 904
f 904 903 905
f 886 904 906
f 887 907 905
f 904 905 906
f 906 905 907
f 886 906 908
f 887 909 907
f 906 907 908
f 908 907 909
f 886 908 910
f 887 911 909
f 908 909 910
f 910 909 911
f 886 910 912
f 887 913 911
f 910 911 912
f 912 911 913
f 886 912 914
f 887 915 913
f 912 913 914
f 914 913 915
f 886 914 916
f 887 917 915
f 914 915 916
f 916 915 917
f 886 916 918
f 887 919 917
f 916 917 918
f 918 917 919
f 886 918 888
f 887 889 919
f 918 919 888
f 888 919 889
f 920 921 922
f 922 921 923
f 922 923 924
f 924 923 925
f 924 925 926
f 926 925 927
f 926 927 928
f 928 927 929
f 928 929 930
f 930 929 931
f 930 931 932
f 932 931 933
f 932 933 934
f 934 933 935
f 934 935 936
f 936 935 937
f 936 937 938
f 938 937 939
f 938 939 940
f 940 939 941
f 940 941 942
f 942 941 943
f 942 943 944
f 944 943 945
f 944 945 946
f 946 945 947
f 946 947 948
f 948 947 949
f 948 949 950
f 950 949 951
f 950 951 920
f 920 951 921
f 952 954 956
f 953 957 955
f 954 955 956
f 956 955 957
f 952 956 958
f 953 959 957
f 956 957 958
f 958 957 959
f 952 958 960
f 953 961 959
f 958 959 960
f 960 959 961
f 952 960 962
f 953 963 961
f 960 961 962
f 962 961 963
f 952 962 964
f 953 965 963
f 962 963 964
f 964 963 965
f 952 964 966
f 953 967 965
f 964 965 966
f 966 965 967
f 952 966 968
f 953 969 967
f 966 967 968
f 968 967 969
f 952 968 970
f 953 971 969
f 968 969 970
f 970 969 971
f 952 970 972
f 953 973 971
f 970 971 972
f 972 971 973
f 952 972 974
f 953 975 973
f 972 973 974
f 974 973 975
f 952 974 976
f 953 977 975
f 974 975 976
f 976 975 977
f 952 976 978
f 953 979 977
f 976 977 978
f 978 977 979
f 952 978 980
f 953 981 979
f 978 979 980
f 980 979 981
f 952 980 982
f 953 983 981
f 980 981 982
f 982 981 983
f 952 982 984
f 953 985 983
f 982 983 984
f 984 983 985
f 952 984 954
f 953 955 985
f 984 985 954
f 954 985 955
f 986 987 988
f 988 987 989
f 988 989 990
f 990 989 991
f 990 991 992
f 992 991 993
f 992 993 994
f 994 993 995
f 994 995 996
f 996 995 997
f 996 997 998
f 998 997 999
f 998 999 1000
f 1000 999 1001
f 1000 1001 1002
f 1002 1001 1003
f 1002 1003 1004
f 1004 1003 1005
f 1004 1005 1006
f 1006 1005 1007
f 1006 1007 1008
f 1008 1007 1009
f 1008 1009 1010
f 1010 1009 1011
f 1010 1011 1012
f 1012 1011 1013
f 1012 1013 1014
f 1014 1013 1015
f 1014 1015 1016
f 1016 1015 1017
f 1016 1017 986
f 986 1017 987
f 1018 1020 1022
f 1019 1023 1021
f 1020 1021 1022
f 1022 1021 1023
f 1018 1022 1024
f 1019 1025 1023
f 1022 1023 1024
f 1024 1023 1025
f 1018 1024 1026
f 1019 1027 1025
f 1024 1025 1026
f 1026 1025 1027
f 1018 1026 1028
f 1019 1029 1027
f 1026 1027 1028
f 1028 1027 1029
f 1018 1028 1030
f 1019 1031 1029
f 1028 1029 1030
f 1030 1029 1031
f 1018 1030 1032
f 1019 1033 1031
f 1030 1031 1032
f 1032 1031 1033
f 1018 1032 1034
f 1019 1035 1033
f 1032 1033 1034
f 1034 1033 1035
f 1018 1034 1036
f 1019 1037 1035
f 1034 1035 1036
f 1036 1035 1037
f 1018 1036 1038
f 1019 1039 1037
f 1036 1037 1038
f 1038 1037 1039
f 1018 1038 1040
f 1019 1041 1039
f 1038 1039 1040
f 1040 1039 1041
f 1018 1040 1042
f 1019 1043 1041
f 1040 1041 1042
f 1042 1041 1043
f 1018 1042 1044
f 1019 1045 1043
f 1042 1043 1044
f 1044 1043 1045
f 1018 1044 1046
f 1019 1047 1045
f 1044 1045 1046
f 1046 1045 1047
f 1018 1046 1048
f 1019 1049 1047
f 1046 1047 1048
f 1048 1047 1049
f 1018 1048 1050
f 1019 1051 1049
f 1048 1049 1050
f 1050 1049 1051
f 1018 1050 1020
f 1019 1021 1051
f 1050 1051 1020
f 1020 1051 1021
f 1052 1068 1053
f 1053 1068 1069
f 1053 1069 1054
f 1054 1069 1070
f 1054 1070 1055
f 1055 1070 1071
f 1055 1071 1056
f 1056 1071 1072
f 1056 1072 1057
f 1057 1072 1073
f 1057 1073 1058
f 1058 1073 1074
f 1058 1074 1059
f 1059 1074 1075
f 1059 1075 1060
f 1060 1075 1076
f 1060 1076 1061
f 1061 1076 1077
f 1061 1077 1062
f 1062 1077 1078
f 1062 1078 1063
f 1063 1078 1079
f 1063 1079 1064
f 1064 1079 1080
f 1064 1080 1065
f 1065 1080 1081
f 1065 1081 1066
f 1066 1081 1082
f 1066 1082 1067
f 1067 1082 1083
f 1067 1083 1052
f 1052 1083 1068
f 1068 1084 1069
f 1069 1084 1085
f 1069 1085 1070
f 1070 1085 1086
f 1070 1086 1071
f 1071 1086 1087
f 1071 1087 1072
f 1072 1087 1088
f 1072 1088 1073
f 1073 1088 1089
f 1073 1089 1074
f 1074 1089 1090
f 1074 1090 1075
f 1075 1090 1091
f 1075 1091 1076
f 1076 1091 1092
f 1076 1092 1077
f 1077 1092 1093
f 1077 1093 1078
f 1078 1093 1094
f 1078 1094 1079
f 1079 1094 1095
f 1079 1095 1080
f 1080 1095 1096
f 1080 1096 1081
f 1081 1096 1097
f 1081 1097 1082
f 1082 1097 1098
f 1082 1098 1083
f 1083 1098 1099
f 1083 1099 1068
f 1068 1099 1084
f 1084 1100 1085
f 1085 1100 1101
f 1085 1101 1086
f 1086 1101 1102
f 1086 1102 1087
f 1087 1102 1103
f 1087 1103 1088
f 1088 1103 1104
f 1088 1104 1089
f 1089 1104 1105
f 1089 1105 1090
f 1090 1105 1106
f 1090 1106 1091
f 1091 1106 1107
f 1091 1107 1092
f 1092 1107 1108
f 1092 1108 1093
f 1093 1108 1109
f 1093 1109 1094
f 1094 1109 1110
f 1094 1110 1095
f 1095 1110 1111
f 1095 1111 1096
f 1096 1111 1112
f 1096 1112 1097
f 1097 1112 1113
f 1097 1113 1098
f 1098 1113 1114
f 1098 1114 1099
f 1099 1114 1115
f 1099 1115 1084
f 1084 1115 1100
f 1100 1116 1101
f 1101 1116 1117
f 1101 1117 1102
f 1102 1117 1118
f 1102 1118 1103
f 1103 1118 1119
f 1103 1119 1104
f 1104 1119 1120
f 1104 1120 1105
f 1105 1120 1121
f 1105 1121 1106
f 1106 1121 1122
f 1106 1122 1107
f 1107 1122 1123
f 1107 1123 1108
f 1108 1123 1124
f 1108 1124 1109
f 1109 1124 1125
f 1109 1125 1110
f 1110 1125 1126
f 1110 1126 1111
f 1111 1126 1127
f 1111 1127 1112
f 1112 1127 1128
f 1112 1128 1113
f 1113 1128 1129
f 1113 1129 1114
f 1114 1129 1130
f 1114 1130 1115
f 1115 1130 1131
f 1115 1131 1100
f 1100 1131 1116
f 1116 1132 1117
f 1117 1132 1133
f 1117 1133 1118
f 1118 1133 1134
f 1118 1134 1119
f 1119 1134 1135
f 1119 1135 1120
f 1120 1135 1136
f 1120 1136 1121
f 1121 1136 1137
f 1121 1137 1122
f 1122 1137 1138
f 1122 1138 1123
f 1123 1138 1139
f 1123 1139 1124
f 1124 1139 1140
f 1124 1140 1125
f 1125 1140 1141
f 1125 1141 1126
f 1126 1141 1142
f 1126 1142 1127
f 1127 1142 1143
f 1127 1143 1128
f 1128 1143 1144
f 1128 1144 1129
f 1129 1144 1145
f 1129 1145 1130
f 1130 1145 1146
f 1130 1146 1131
f 1131 1146 1147
f 1131 1147 1116
f 1116 1147 1132
f 1132 1148 1133
f 1133 1148 1149
f 1133 1149 1134
f 1134 1149 1150
f 1134 1150 1135
f 1135 1150 1151
f 1135 1151 1136
f 1136 1151 1152
f 1136 1152 1137
f 1137 1152 1153
f 1137 1153 1138
f 1138 1153 1154
f 1138 1154 1139
f 1139 1154 1155
f 1139 1155 1140
f 1140 1155 1156
f 1140 1156 1141
f 1141 1156 1157
f 1141 1157 1142
f 1142 1157 1158
f 1142 1158 1143
f 1143 1158 1159
f 1143 1159 1144
f 1144 1159 1160
f 1144 1160 1145
f 1145 1160 1161
f 1145 1161 1146
f 1146 1161 1162
f 1146 1162 1147
f 1147 1162 1163
f 1147 1163 1132
f 1132 1163 1148
f 1148 1164 1149
f 1149 1164 1165
f 1149 1165 1150
f 1150 1165 1166
f 1150 1166 1151
f 1151 1166 1167
f 1151 1167 1152
f 1152 1167 1168
f 1152 1168 1153
f 1153 1168 1169
f 1153 1169 1154
f 1154 1169 1170
f 1154 1170 1155
f 1155 1170 1171
f 1155 1171 1156
f 1156 1171 1172
f 1156 1172 1157
f 1157 1172 1173
f 1157 1173 1158
f 1158 1173 1174
f 1158 1174 1159
f 1159 1174 1175
f 1159 1175 1160
f 1160 1175 1176
f 1160 1176 1161
f 1161 1176 1177
f 1161 1177 1162
f 1162 1177 1178
f 1162 1178 1163
f 1163 1178 1179
f 1163 1179 1148
f 1148 1179 1164
f 1164 1180 1165
f 1165 1180 1181
f 1165 1181 1166
f 1166 1181 1182
f 1166 1182 1167
f 1167 1182 1183
f 1167 1183 1168
f 1168 1183 1184
f 1168 1184 1169
f 1169 1184 1185
f 1169 1185 1170
f 1170 1185 1186
f 1170 1186 1171
f 1171 1186 1187
f 1171 1187 1172
f 1172 1187 1188
f 1172 1188 1173
f 1173 1188 1189
f 1173 1189 1174
f 1174 1189 1190
f 1174 1190 1175
f 1175 1190 1191
f 1175 1191 1176
f 1176 1191 1192
f 1176 1192 1177
f 1177 1192 1193
f 1177 1193 1178
f 1178 1193 1194
f 1178 1194 1179
f 1179 1194 1195
f 1179 1195 1164
f 1164 1195 1180
f 1196 1197 1198
f 1196 1198 1199
f 1196 1199 1200
f 1196 1200 1201
f 1196 1201 1202
f 1196 1202 1203
f 1196 1203 1204
f 1196 1204 1205
f 1196 1205 1206
f 1196 1206 1207
f 1196 1207 1208
f 1196 1208 1209
f 1196 1209 1210
f 1196 1210 1211
f 1196 1211 1212
f 1196 1212 1197
f 1213 1215 1217
f 1214 1218 1216
f 1215 1216 1217
f 1217 1216 1218
f 1213 1217 1219
f 1214 1220 1218
f 1217 1218 1219
f 1219 1218 1220
f 1213 1219 1221
f 1214 1222 1220
f 1219 1220 1221
f 1221 1220 1222
f 1213 1221 1223
f 1214 1224 1222
f 1221 1222 1223
f 1223 1222 1224
f 1213 1223 1225
f 1214 1226 1224
f 1223 1224 1225
f 1225 1224 1226
f 1213 1225 1227
f 1214 1228 1226
f 1225 1226 1227
f 1227 1226 1228
f 1213 1227 1229
f 1214 1230 1228
f 1227 1228 1229
f 1229 1228 1230
f 1213 1229 1231
f 1214 1232 1230
f 1229 1230 1231
f 1231 1230 1232
f 1213 1231 1233
f 1214 1234 1232
f 1231 1232 1233
f 1233 1232 1234
f 1213 1233 1235
f 1214 1236 1234
f 1233 1234 1235
f 1235 1234 1236
f 1213 1235 1237
f 1214 1238 1236
f 1235 1236 1237
f 1237 1236 1238
f 1213 1237 1239
f 1214 1240 1238
f 1237 1238 1239
f 1239 1238 1240
f 1213 1239 1241
f 1214 1242 1240
f 1239 1240 1241
f 1241 1240 1242
f 1213 1241 1243
f 1214 1244 1242
f 1241 1242 1243
f 1243 1242 1244
f 1213 1243 1245
f 1214 1246 1244
f 1243 1244 1245
f 1245 1244 1246
f 1213 1245 1215
f 1214 1216 1246
f 1245 1246 1215
f 1215 1246 1216
f 1247 1248 1249
f 1249 1248 1250
f 1249 1250 1251
f 1251 1250 1252
f 1251 1252 1253
f 1253 1252 1254
f 1253 1254 1255
f 1255 1254 1256
f 1255 1256 1257
f 1257 1256 1258
f 1257 1258 1259
f 1259 1258 1260
f 1259 1260 1261
f 1261 1260 1262
f 1261 1262 1263
f 1263 1262 1264
f 1263 1264 1265
f 1265 1264 1266
f 1265 1266 1267
f 1267 1266 1268
f 1267 1268 1269
f 1269 1268 1270
f 1269 1270 1271
f 1271 1270 1272
f 1271 1272 1273
f 1273 1272 1274
f 1273 1274 1275
f 1275 1274 1276
f 1275 1276 1277
f 1277 1276 1278
f 1277 1278 1247
f 1247 1278 1248
f 1279 1281 1283
f 1280 1284 1282
f 1281 1282 1283
f 1283 1282 1284
f 1279 1283 1285
f 1280 1286 1284
f 1283 1284 1285
f 1285 1284 1286
f 1279 1285 1287
f 1280 1288 1286
f 1285 1286 1287
f 1287 1286 1288
f 1279 1287 1289
f 1280 1290 1288
f 1287 1288 1289
f 1289 1288 1290
f 1279 1289 1291
f 1280 1292 1290
f 1289 1290 1291
f 1291 1290 1292
f 1279 1291 1293
f 1280 1294 1292
f 1291 1292 1293
f 1293 1292 1294
f 1279 1293 1295
f 1280 1296 1294
f 1293 1294 1295
f 1295 1294 1296
f 1279 1295 1297
f 1280 1298 1296
f 1295 1296 1297
f 1297 1296 1298
f 1279 1297 1299
f 1280 1300 1298
f 1297 1298 1299
f 1299 1298 1300
f 1279 1299 1301
f 1280 1302 1300
f 1299 1300 1301
f 1301 1300 1302
f 1279 1301 1303
f 1280 1304 1302
f 1301 1302 1303
f 1303 1302 1304
f 1279 1303 1305
f 1280 1306 1304
f 1303 1304 1305
f 1305 1304 1306
f 1279 1305 1307
f 1280 1308 1306
f 1305 1306 1307
f 1307 1306 1308
f 1279 1307 1309
f 1280 1310 1308
f 1307 1308 1309
f 1309 1308 1310
f 1279 1309 1311
f 1280 1312 1310
f 1309 1310 1311
f 1311 1310 1312
f 1279 1311 1281
f 1280 1282 1312
f 1311 1312 1281
f 1281 1312 1282
f 1313 1314 1315
f 1315 1314 1316
f 1315 1316 1317
f 1317 1316 1318
f 1317 1318 1319
f 1319 1318 1320
f 1319 1320 1321
f 1321 1320 1322
f 1321 1322 1323
f 1323 1322 1324
f 1323 1324 1325
f 1325 1324 1326
f 1325 1326 1327
f 1327 1326 1328
f 1327 1328 1329
f 1329 1328 1330
f 1329 1330 1331
f 1331 1330 1332
f 1331 1332 1333
f 1333 1332 1334
f 1333 1334 1335
f 1335 1334 1336
f 1335 1336 1337
f 1337 1336 1338
f 1337 1338 1339
f 1339 1338 1340
f 1339 1340 1341
f 1341 1340 1342
f 1341 1342 1343
f 1343 1342 1344
f 1343 1344 1313
f 1313 1344 1314
f 1345 1347 1349
f 1346 1350 1348
f 1347 1348 1349
f 1349 1348 1350
f 1345 1349 1351
f 1346 1352 1350
f 1349 1350 1351
f 1351 1350 1352
f 1345 1351 1353
f 1346 1354 1352
f 1351 1352 1353
f 1353 1352 1354
f 1345 1353 1355
f 1346 1356 1354
f 1353 1354 1355
f 1355 1354 1356
f 1345 1355 1357
f 1346 1358 1356
f 1355 1356 1357
f 1357 1356 1358
f 1345 1357 1359
f 1346 1360 1358
f 1357 1358 1359
f 1359 1358 1360
f 1345 1359 1361
f 1346 1362 1360
f 1359 1360 1361
f 1361 1360 1362
f 1345 1361 1363
f 1346 1364 1362
f 1361 1362 1363
f 1363 1362 1364
f 1345 1363 1365
f 1346 1366 1364
f 1363 1364 1365
f 1365 1364 1366
f 1345 1365 1367
f 1346 1368 1366
f 1365 1366 1367
f 1367 1366 1368
f 1345 1367 1369
f 1346 1370 1368
f 1367 1368 1369
f 1369 1368 1370
f 1345 1369 1371
f 1346 1372 1370
f 1369 1370 1371
f 1371 1370 1372
f 1345 1371 1373
f 1346 1374 1372
f 1371 1372 1373
f 1373 1372 1374
f 1345 1373 1375
f 1346 1376 1374
f 1373 1374 1375
f 1375 1374 1376
f 1345 1375 1377
f 1346 1378 1376
f 1375 1376 1377
f 1377 1376 1378
f 1345 1377 1347
f 1346 1348 1378
f 1377 1378 1347
f 1347 1378 1348
f 1379 1380 1381
f 1381 1380 1382
f 1381 1382 1383
f 1383 1382 1384
f 1383 1384 1385
f 1385 1384 1386
f 1385 1386 1387
f 1387 1386 1388
f 1387 1388 1389
f 1389 1388 1390
f 1389 1390 1391
f 1391 1390 1392
f 1391 1392 1393
f 1393 1392 1394
f 1393 1394 1395
f 1395 1394 1396
f 1395 1396 1397
f 1397 1396 1398
f 1397 1398 1399
f 1399 1398 1400
f 1399 1400 1401
f 1401 1400 1402
f 1401 1402 1403
f 1403 1402 1404
f 1403 1404 1405
f 1405 1404 1406
f 1405 1406 1407
f 1407 1406 1408
f 1407 1408 1409
f 1409 1408 1410
f 1409 1410 1379
f 1379 1410 1380
f 1411 1413 1415
f 1412 1416 1414
f 1413 1414 1415
f 1415 1414 1416
f 1411 1415 1417
f 1412 1418 1416
f 1415 1416 1417
f 1417 1416 1418
f 1411 1417 1419
f 1412 1420 1418
f 1417 1418 1419
f 1419 1418 1420
f 1411 1419 1421
f 1412 1422 1420
f 1419 1420 1421
f 1421 1420 1422
f 1411 1421 1423
f 1412 1424 1422
f 1421 1422 1423
f 1423 1422 1424
f 1411 1423 1425
f 1412 1426 1424
f 1423 1424 1425
f 1425 1424 1426
f 1411 1425 1427
f 1412 1428 1426
f 1425 1426 1427
f 1427 1426 1428
f 1411 1427 1429
f 1412 1430 1428
f 1427 1428 1429
f 1429 1428 1430
f 1411 1429 1431
f 1412 1432 1430
f 1429 1430 1431
f 1431 1430 1432
f 1411 1431 1433
f 1412 1434 1432
f 1431 1432 1433
f 1433 1432 1434
f 1411 1433 1435
f 1412 1436 1434
f 1433 1434 1435
f 1435 1434 1436
f 1411 1435 1437
f 1412 1438 1436
f 1435 1436 1437
f 1437 1436 1438
f 1411 1437 1439
f 1412 1440 1438
f 1437 1438 1439
f 1439 1438 1440
f 1411 1439 1441
f 1412 1442 1440
f 1439 1440 1441
f 1441 1440 1442
f 1411 1441 1443
f 1412 1444 1442
f 1441 1442 1443
f 1443 1442 1444
f 1411 1443 1413
f 1412 1414 1444
f 1443 1444 1413
f 1413 1444 1414
f 1445 1446 1447
f 1445 1447 1448
f 1450 1449 1452
f 1450 1452 1451
f 1449 1445 1448
f 1449 1448 1452
f 1446 1450 1451
f 1446 1451 1447
f 1448 1447 1451
f 1448 1451 1452
f 1449 1450 1446
f 1449 1446 1445
f 1453 1454 1455
f 1453 1455 1456
f 1458 1457 1460
f 1458 1460 1459
f 1457 1453 1456
f 1457 1456 1460
f 1454 1458 1459
f 1454 1459 1455
f 1456 1455 1459
f 1456 1459 1460
f 1457 1458 1454
f 1457 1454 1453
f 1461 1463 1465
f 1462 1466 1464
f 1463 1464 1465
f 1465 1464 1466
f 1461 1465 1467
f 1462 1468 1466
f 1465 1466 1467
f 1467 1466 1468
f 1461 1467 1469
f 1462 1470 1468
f 1467 1468 1469
f 1469 1468 1470
f 1461 1469 1471
f 1462 1472 1470
f 1469 1470 1471
f 1471 1470 1472
f 1461 1471 1473
f 1462 1474 1472
f 1471 1472 1473
f 1473 1472 1474
f 1461 1473 1475
f 1462 1476 1474
f 1473 1474 1475
f 1475 1474 1476
f 1461 1475 1477
f 1462 1478 1476
f 1475 1476 1477
f 1477 1476 1478
f 1461 1477 1479
f 1462 1480 1478
f 1477 1478 1479
f 1479 1478 1480
f 1461 1479 1481
f 1462 1482 1480
f 1479 1480 1481
f 1481 1480 1482
f 1461 1481 1483
f 1462 1484 1482
f 1481 1482 1483
f 1483 1482 1484
f 1461 1483 1485
f 1462 1486 1484
f 1483 1484 1485
f 1485 1484 1486
f 1461 1485 1487
f 1462 1488 1486
f 1485 1486 1487
f 1487 1486 1488
f 1461 1487 1489
f 1462 1490 1488
f 1487 1488 1489
f 1489 1488 1490
f 1461 1489 1491
f 1462 1492 1490
f 1489 1490 1491
f 1491 1490 1492
f 1461 1491 1493
f 1462 1494 1492
f 1491 1492 1493
f 1493 1492 1494
f 1461 1493 1463
f 1462 1464 1494
f 1493 1494 1463
f 1463 1494 1464
f 1495 1499 1496
f 1496 1499 1500
f 1497 1498 1501
f 1498 1502 1501
f 1495 1497 1499
f 1499 1497 1501
f 1496 1500 1498
f 1500 1502 1498
f 1499 1503 1500
f 1500 1503 1504
f 1501 1502 1505
f 1502 1506 1505
f 1499 1501 1503
f 1503 1501 1505
f 1500 1504 1502
f 1504 1506 1502
f 1503 1507 1504
f 1504 1507 1508
f 1505 1506 1509
f 1506 1510 1509
f 1503 1505 1507
f 1507 1505 1509
f 1504 1508 1506
f 1508 1510 1506
f 1507 1511 1508
f 1508 1511 1512
f 1509 1510 1513
f 1510 1514 1513
f 1507 1509 1511
f 1511 1509 1513
f 1508 1512 1510
f 1512 1514 1510
f 1511 1515 1512
f 1512 1515 1516
f 1513 1514 1517
f 1514 1518 1517
f 1511 1513 1515
f 1515 1513 1517
f 1512 1516 1514
f 1516 1518 1514
f 1515 1519 1516
f 1516 1519 1520
f 1517 1518 1521
f 1518 1522 1521
f 1515 1517 1519
f 1519 1517 1521
f 1516 1520 1518
f 1520 1522 1518
f 1519 1523 1520
f 1520 1523 1524
f 1521 1522 1525
f 1522 1526 1525
f 1519 1521 1523
f 1523 1521 1525
f 1520 1524 1522
f 1524 1526 1522
f 1523 1527 1524
f 1524 1527 1528
f 1525 1526 1529
f 1526 1530 1529
f 1523 1525 1527
f 1527 1525 1529
f 1524 1528 1526
f 1528 1530 1526
f 1527 1531 1528
f 1528 1531 1532
f 1529 1530 1533
f 1530 1534 1533
f 1527 1529 1531
f 1531 1529 1533
f 1528 1532 1530
f 1532 1534 1530
f 1531 1535 1532
f 1532 1535 1536
f 1533 1534 1537
f 1534 1538 1537
f 1531 1533 1535
f 1535 1533 1537
f 1532 1536 1534
f 1536 1538 1534
f 1535 1539 1536
f 1536 1539 1540
f 1537 1538 1541
f 1538 1542 1541
f 1535 1537 1539
f 1539 1537 1541
f 1536 1540 1538
f 1540 1542 1538
f 1539 1543 1540
f 1540 1543 1544
f 1541 1542 1545
f 1542 1546 1545
f 1539 1541 1543
f 1543 1541 1545
f 1540 1544 1542
f 1544 1546 1542
f 1543 1547 1544
f 1544 1547 1548
f 1545 1546 1549
f 1546 1550 1549
f 1543 1545 1547
f 1547 1545 1549
f 1544 1548 1546
f 1548 1550 1546
f 1547 1551 1548
f 1548 1551 1552
f 1549 1550 1553
f 1550 1554 1553
f 1547 1549 1551
f 1551 1549 1553
f 1548 1552 1550
f 1552 1554 1550
f 1551 1555 1552
f 1552 1555 1556
f 1553 1554 1557
f 1554 1558 1557
f 1551 1553 1555
f 1555 1553 1557
f 1552 1556 1554
f 1556 1558 1554
f 1555 1495 1556
f 1556 1495 1496
f 1557 1558 1497
f 1558 1498 1497
f 1555 1557 1495
f 1495 1557 1497
f 1556 1496 1558
f 1496 1498 1558
f 1559 1563 1560
f 1560 1563 1564
f 1561 1562 1565
f 1562 1566 1565
f 1559 1561 1563
f 1563 1561 1565
f 1560 1564 1562
f 1564 1566 1562
f 1563 1567 1564
f 1564 1567 1568
f 1565 1566 1569
f 1566 1570 1569
f 1563 1565 1567
f 1567 1565 1569
f 1564 1568 1566
f 1568 1570 1566
f 1567 1571 1568
f 1568 1571 1572
f 1569 1570 1573
f 1570 1574 1573
f 1567 1569 1571
f 1571 1569 1573
f 1568 1572 1570
f 1572 1574 1570
f 1571 1575 1572
f 1572 1575 1576
f 1573 1574 1577
f 1574 1578 1577
f 1571 1573 1575
f 1575 1573 1577
f 1572 1576 1574
f 1576 1578 1574
f 1575 1579 1576
f 1576 1579 1580
f 1577 1578 1581
f 1578 1582 1581
f 1575 1577 1579
f 1579 1577 1581
f 1576 1580 1578
f 1580 1582 1578
f 1579 1583 1580
f 1580 1583 1584
f 1581 1582 1585
f 1582 1586 1585
f 1579 1581 1583
f 1583 1581 1585
f 1580 1584 1582
f 1584 1586 1582
f 1583 1587 1584
f 1584 1587 1588
f 1585 1586 1589
f 1586 1590 1589
f 1583 1585 1587
f 1587 1585 1589
f 1584 1588 1586
f 1588 1590 1586
f 1587 1591 1588
f 1588 1591 1592
f 1589 1590 1593
f 1590 1594 1593
f 1587 1589 1591
f 1591 1589 1593
f 1588 1592 1590
f 1592 1594 1590
f 1591 1595 1592
f 1592 1595 1596
f 1593 1594 1597
f 1594 1598 1597
f 1591 1593 1595
f 1595 1593 1597
f 1592 1596 1594
f 1596 1598 1594
f 1595 1599 1596
f 1596 1599 1600
f 1597 1598 1601
f 1598 1602 1601
f 1595 1597 1599
f 1599 1597 1601
f 1596 1600 1598
f 1600 1602 1598
f 1599 1603 1600
f 1600 1603 1604
f 1601 1602 1605
f 1602 1606 1605
f 1599 1601 1603
f 1603 1601 1605
f 1600 1604 1602
f 1604 1606 1602
f 1603 1607 1604
f 1604 1607 1608
f 1605 1606 1609
f 1606 1610 1609
f 1603 1605 1607
f 1607 1605 1609
f 1604 1608 1606
f 1608 1610 1606
f 1607 1611 1608
f 1608 1611 1612
f 1609 1610 1613
f 1610 1614 1613
f 1607 1609 1611
f 1611 1609 1613
f 1608 1612 1610
f 1612 1614 1610
f 1611 1615 1612
f 1612 1615 1616
f 1613 1614 1617
f 1614 1618 1617
f 1611 1613 1615
f 1615 1613 1617
f 1612 1616 1614
f 1616 1618 1614
f 1615 1619 1616
f 1616 1619 1620
f 1617 1618 1621
f 1618 1622 1621
f 1615 1617 1619
f 1619 1617 1621
f 1616 1620 1618
f 1620 1622 1618
f 1619 1559 1620
f 1620 1559 1560
f 1621 1622 1561
f 1622 1562 1561
f 1619 1621 1559
f 1559 1621 1561
f 1620 1560 1622
f 1560 1562 1622
f 1623 1625 1627
f 1624 1628 1626
f 1625 1626 1627
f 1627 1626 1628
f 1623 1627 1629
f 1624 1630 1628
f 1627 1628 1629
f 1629 1628 1630
f 1623 1629 1631
f 1624 1632 1630
f 1629 1630 1631
f 1631 1630 1632
f 1623 1631 1633
f 1624 1634 1632
f 1631 1632 1633
f 1633 1632 1634
f 1623 1633 1635
f 1624 1636 1634
f 1633 1634 1635
f 1635 1634 1636
f 1623 1635 1637
f 1624 1638 1636
f 1635 1636 1637
f 1637 1636 1638
f 1623 1637 1639
f 1624 1640 1638
f 1637 1638 1639
f 1639 1638 1640
f 1623 1639 1641
f 1624 1642 1640
f 1639 1640 1641
f 1641 1640 1642
f 1623 1641 1643
f 1624 1644 1642
f 1641 1642 1643
f 1643 1642 1644
f 1623 1643 1645
f 1624 1646 1644
f 1643 1644 1645
f 1645 1644 1646
f 1623 1645 1647
f 1624 1648 1646
f 1645 1646 1647
f 1647 1646 1648
f 1623 1647 1649
f 1624 1650 1648
f 1647 1648 1649
f 1649 1648 1650
f 1623 1649 1651
f 1624 1652 1650
f 1649 1650 1651
f 1651 1650 1652
f 1623 1651 1653
f 1624 1654 1652
f 1651 1652 1653
f 1653 1652 1654
f 1623 1653 1655
f 1624 1656 1654
f 1653 1654 1655
f 1655 1654 1656
f 1623 1655 1625
f 1624 1626 1656
f 1655 1656 1625
f 1625 1656 1626
